,Date,Daily_Max_8-hour_Ozone_Concentration,UNITS,DAILY_AQI_VALUE,Site_Name,Daily_Max_8-hr_Ozone_Concentration
0,01/01/2019,0.032,ppm,30,San Francisco,
1,01/02/2019,0.017,ppm,16,San Francisco,
2,01/03/2019,0.018,ppm,17,San Francisco,
3,01/04/2019,0.026,ppm,24,San Francisco,
4,01/05/2019,0.039,ppm,36,San Francisco,
5,01/06/2019,0.037,ppm,34,San Francisco,
6,01/07/2019,0.019,ppm,18,San Francisco,
7,01/08/2019,0.035,ppm,32,San Francisco,
8,01/09/2019,0.035,ppm,32,San Francisco,
9,01/10/2019,0.016,ppm,15,San Francisco,
10,01/11/2019,0.01,ppm,9,San Francisco,
11,01/12/2019,0.031,ppm,29,San Francisco,
12,01/13/2019,0.023,ppm,21,San Francisco,
13,01/14/2019,0.029,ppm,27,San Francisco,
14,01/15/2019,0.037,ppm,34,San Francisco,
15,01/16/2019,0.041,ppm,38,San Francisco,
16,01/17/2019,0.038,ppm,35,San Francisco,
17,01/18/2019,0.029,ppm,27,San Francisco,
18,01/19/2019,0.025,ppm,23,San Francisco,
19,01/20/2019,0.042,ppm,39,San Francisco,
20,01/21/2019,0.035,ppm,32,San Francisco,
21,01/22/2019,0.028,ppm,26,San Francisco,
22,01/23/2019,0.026,ppm,24,San Francisco,
23,01/24/2019,0.021,ppm,19,San Francisco,
24,01/25/2019,0.024,ppm,22,San Francisco,
25,01/26/2019,0.028,ppm,26,San Francisco,
26,01/27/2019,0.03,ppm,28,San Francisco,
27,01/28/2019,0.017,ppm,16,San Francisco,
28,01/29/2019,0.021,ppm,19,San Francisco,
29,01/30/2019,0.022,ppm,20,San Francisco,
30,01/31/2019,0.036,ppm,33,San Francisco,
31,02/01/2019,0.043,ppm,40,San Francisco,
32,02/02/2019,0.042,ppm,39,San Francisco,
33,02/03/2019,0.041,ppm,38,San Francisco,
34,02/04/2019,0.04,ppm,37,San Francisco,
35,02/05/2019,0.032,ppm,30,San Francisco,
36,02/06/2019,0.028,ppm,26,San Francisco,
37,02/07/2019,0.031,ppm,29,San Francisco,
38,02/08/2019,0.029,ppm,27,San Francisco,
39,02/09/2019,0.042,ppm,39,San Francisco,
40,02/10/2019,0.042,ppm,39,San Francisco,
41,02/11/2019,0.032,ppm,30,San Francisco,
42,02/12/2019,0.041,ppm,38,San Francisco,
43,02/13/2019,0.033,ppm,31,San Francisco,
44,02/14/2019,0.043,ppm,40,San Francisco,
45,02/15/2019,0.041,ppm,38,San Francisco,
46,02/16/2019,0.04,ppm,37,San Francisco,
47,02/17/2019,0.04,ppm,37,San Francisco,
48,02/18/2019,0.035,ppm,32,San Francisco,
49,02/19/2019,0.034,ppm,31,San Francisco,
50,02/20/2019,0.038,ppm,35,San Francisco,
51,02/21/2019,0.037,ppm,34,San Francisco,
52,02/22/2019,0.035,ppm,32,San Francisco,
53,02/23/2019,0.035,ppm,32,San Francisco,
54,02/24/2019,0.039,ppm,36,San Francisco,
55,02/25/2019,0.038,ppm,35,San Francisco,
56,02/26/2019,0.035,ppm,32,San Francisco,
57,02/27/2019,0.039,ppm,36,San Francisco,
58,02/28/2019,0.038,ppm,35,San Francisco,
59,03/01/2019,0.022,ppm,20,San Francisco,
60,03/02/2019,0.021,ppm,19,San Francisco,
61,03/03/2019,0.035,ppm,32,San Francisco,
62,03/04/2019,0.032,ppm,30,San Francisco,
63,03/05/2019,0.037,ppm,34,San Francisco,
64,03/06/2019,0.04,ppm,37,San Francisco,
65,03/07/2019,0.04,ppm,37,San Francisco,
66,03/08/2019,0.042,ppm,39,San Francisco,
67,03/09/2019,0.043,ppm,40,San Francisco,
68,03/10/2019,0.04,ppm,37,San Francisco,
69,03/11/2019,0.033,ppm,31,San Francisco,
70,03/12/2019,0.04,ppm,37,San Francisco,
71,03/13/2019,0.037,ppm,34,San Francisco,
72,03/14/2019,0.039,ppm,36,San Francisco,
73,03/15/2019,0.043,ppm,40,San Francisco,
74,03/16/2019,0.042,ppm,39,San Francisco,
75,03/17/2019,0.048,ppm,44,San Francisco,
76,03/18/2019,0.044,ppm,41,San Francisco,
77,03/19/2019,0.051,ppm,47,San Francisco,
78,03/20/2019,0.05,ppm,46,San Francisco,
79,03/21/2019,0.046,ppm,43,San Francisco,
80,03/22/2019,0.042,ppm,39,San Francisco,
81,03/23/2019,0.053,ppm,49,San Francisco,
82,03/24/2019,0.051,ppm,47,San Francisco,
83,03/25/2019,0.042,ppm,39,San Francisco,
84,03/26/2019,0.045,ppm,42,San Francisco,
85,03/27/2019,0.048,ppm,44,San Francisco,
86,03/28/2019,0.046,ppm,43,San Francisco,
87,03/29/2019,0.045,ppm,42,San Francisco,
88,03/30/2019,0.038,ppm,35,San Francisco,
89,03/31/2019,0.035,ppm,32,San Francisco,
90,04/01/2019,0.039,ppm,36,San Francisco,
91,04/02/2019,0.035,ppm,32,San Francisco,
92,04/03/2019,0.035,ppm,32,San Francisco,
93,04/04/2019,0.037,ppm,34,San Francisco,
94,04/05/2019,0.046,ppm,43,San Francisco,
95,04/06/2019,0.044,ppm,41,San Francisco,
96,04/07/2019,0.032,ppm,30,San Francisco,
97,04/08/2019,0.043,ppm,40,San Francisco,
98,04/09/2019,0.043,ppm,40,San Francisco,
99,04/10/2019,0.037,ppm,34,San Francisco,
100,04/11/2019,0.039,ppm,36,San Francisco,
101,04/12/2019,0.037,ppm,34,San Francisco,
102,04/13/2019,0.043,ppm,40,San Francisco,
103,04/14/2019,0.047,ppm,44,San Francisco,
104,04/15/2019,0.045,ppm,42,San Francisco,
105,04/16/2019,0.04,ppm,37,San Francisco,
106,04/17/2019,0.036,ppm,33,San Francisco,
107,04/18/2019,0.044,ppm,41,San Francisco,
108,04/19/2019,0.031,ppm,29,San Francisco,
109,04/20/2019,0.048,ppm,44,San Francisco,
110,04/21/2019,0.039,ppm,36,San Francisco,
111,04/22/2019,0.034,ppm,31,San Francisco,
112,04/23/2019,0.038,ppm,35,San Francisco,
113,04/24/2019,0.036,ppm,33,San Francisco,
114,04/25/2019,0.044,ppm,41,San Francisco,
115,04/26/2019,0.045,ppm,42,San Francisco,
116,04/27/2019,0.048,ppm,44,San Francisco,
117,04/28/2019,0.044,ppm,41,San Francisco,
118,04/30/2019,0.044,ppm,41,San Francisco,
119,05/01/2019,0.045,ppm,42,San Francisco,
120,05/02/2019,0.045,ppm,42,San Francisco,
121,05/03/2019,0.04,ppm,37,San Francisco,
122,05/04/2019,0.044,ppm,41,San Francisco,
123,05/05/2019,0.044,ppm,41,San Francisco,
124,05/06/2019,0.036,ppm,33,San Francisco,
125,05/07/2019,0.035,ppm,32,San Francisco,
126,05/08/2019,0.035,ppm,32,San Francisco,
127,05/09/2019,0.034,ppm,31,San Francisco,
128,05/10/2019,0.038,ppm,35,San Francisco,
129,05/11/2019,0.039,ppm,36,San Francisco,
130,05/12/2019,0.035,ppm,32,San Francisco,
131,05/13/2019,0.033,ppm,31,San Francisco,
132,05/14/2019,0.032,ppm,30,San Francisco,
133,05/15/2019,0.044,ppm,41,San Francisco,
134,05/16/2019,0.042,ppm,39,San Francisco,
135,05/17/2019,0.039,ppm,36,San Francisco,
136,05/18/2019,0.044,ppm,41,San Francisco,
137,05/19/2019,0.05,ppm,46,San Francisco,
138,05/20/2019,0.044,ppm,41,San Francisco,
139,05/22/2019,0.03,ppm,28,San Francisco,
140,05/23/2019,0.029,ppm,27,San Francisco,
141,05/24/2019,0.034,ppm,31,San Francisco,
142,05/25/2019,0.044,ppm,41,San Francisco,
143,05/26/2019,0.04,ppm,37,San Francisco,
144,05/27/2019,0.031,ppm,29,San Francisco,
145,05/28/2019,0.034,ppm,31,San Francisco,
146,05/29/2019,0.028,ppm,26,San Francisco,
147,05/30/2019,0.029,ppm,27,San Francisco,
148,05/31/2019,0.029,ppm,27,San Francisco,
149,06/01/2019,0.031,ppm,29,San Francisco,
150,06/02/2019,0.028,ppm,26,San Francisco,
151,06/03/2019,0.03,ppm,28,San Francisco,
152,06/04/2019,0.032,ppm,30,San Francisco,
153,06/05/2019,0.03,ppm,28,San Francisco,
154,06/06/2019,0.03,ppm,28,San Francisco,
155,06/07/2019,0.029,ppm,27,San Francisco,
156,06/08/2019,0.035,ppm,32,San Francisco,
157,06/09/2019,0.049,ppm,45,San Francisco,
158,06/10/2019,0.073,ppm,108,San Francisco,
159,06/11/2019,0.066,ppm,87,San Francisco,
160,06/12/2019,0.034,ppm,31,San Francisco,
161,06/13/2019,0.028,ppm,26,San Francisco,
162,06/14/2019,0.026,ppm,24,San Francisco,
163,06/15/2019,0.025,ppm,23,San Francisco,
164,06/16/2019,0.023,ppm,21,San Francisco,
165,06/17/2019,0.021,ppm,19,San Francisco,
166,06/18/2019,0.026,ppm,24,San Francisco,
167,06/19/2019,0.025,ppm,23,San Francisco,
168,06/20/2019,0.029,ppm,27,San Francisco,
169,06/21/2019,0.027,ppm,25,San Francisco,
170,06/22/2019,0.026,ppm,24,San Francisco,
171,06/23/2019,0.027,ppm,25,San Francisco,
172,06/24/2019,0.03,ppm,28,San Francisco,
173,06/25/2019,0.029,ppm,27,San Francisco,
174,06/26/2019,0.027,ppm,25,San Francisco,
175,06/27/2019,0.024,ppm,22,San Francisco,
176,06/28/2019,0.024,ppm,22,San Francisco,
177,06/29/2019,0.023,ppm,21,San Francisco,
178,06/30/2019,0.027,ppm,25,San Francisco,
179,07/01/2019,0.026,ppm,24,San Francisco,
180,07/02/2019,0.025,ppm,23,San Francisco,
181,07/03/2019,0.025,ppm,23,San Francisco,
182,07/04/2019,0.028,ppm,26,San Francisco,
183,07/05/2019,0.027,ppm,25,San Francisco,
184,07/06/2019,0.029,ppm,27,San Francisco,
185,07/07/2019,0.027,ppm,25,San Francisco,
186,07/08/2019,0.026,ppm,24,San Francisco,
187,07/09/2019,0.02,ppm,19,San Francisco,
188,07/10/2019,0.013,ppm,12,San Francisco,
189,07/11/2019,0.015,ppm,14,San Francisco,
190,07/12/2019,0.015,ppm,14,San Francisco,
191,07/13/2019,0.017,ppm,16,San Francisco,
192,07/14/2019,0.022,ppm,20,San Francisco,
193,07/15/2019,0.019,ppm,18,San Francisco,
194,07/16/2019,0.021,ppm,19,San Francisco,
195,07/17/2019,0.025,ppm,23,San Francisco,
196,07/18/2019,0.025,ppm,23,San Francisco,
197,07/19/2019,0.023,ppm,21,San Francisco,
198,07/20/2019,0.026,ppm,24,San Francisco,
199,07/21/2019,0.025,ppm,23,San Francisco,
200,07/22/2019,0.023,ppm,21,San Francisco,
201,07/23/2019,0.018,ppm,17,San Francisco,
202,07/24/2019,0.025,ppm,23,San Francisco,
203,07/25/2019,0.025,ppm,23,San Francisco,
204,07/26/2019,0.022,ppm,20,San Francisco,
205,07/27/2019,0.024,ppm,22,San Francisco,
206,07/28/2019,0.026,ppm,24,San Francisco,
207,07/29/2019,0.024,ppm,22,San Francisco,
208,07/30/2019,0.027,ppm,25,San Francisco,
209,07/31/2019,0.027,ppm,25,San Francisco,
210,08/01/2019,0.016,ppm,15,San Francisco,
211,08/02/2019,0.014,ppm,13,San Francisco,
212,08/03/2019,0.023,ppm,21,San Francisco,
213,08/04/2019,0.03,ppm,28,San Francisco,
214,08/05/2019,0.026,ppm,24,San Francisco,
215,08/06/2019,0.029,ppm,27,San Francisco,
216,08/07/2019,0.031,ppm,29,San Francisco,
217,08/08/2019,0.029,ppm,27,San Francisco,
218,08/09/2019,0.025,ppm,23,San Francisco,
219,08/10/2019,0.021,ppm,19,San Francisco,
220,08/11/2019,0.023,ppm,21,San Francisco,
221,08/12/2019,0.023,ppm,21,San Francisco,
222,08/13/2019,0.022,ppm,20,San Francisco,
223,08/14/2019,0.03,ppm,28,San Francisco,
224,08/15/2019,0.028,ppm,26,San Francisco,
225,08/16/2019,0.025,ppm,23,San Francisco,
226,08/17/2019,0.03,ppm,28,San Francisco,
227,08/18/2019,0.027,ppm,25,San Francisco,
228,08/19/2019,0.026,ppm,24,San Francisco,
229,08/20/2019,0.025,ppm,23,San Francisco,
230,08/21/2019,0.024,ppm,22,San Francisco,
231,08/22/2019,0.022,ppm,20,San Francisco,
232,08/23/2019,0.025,ppm,23,San Francisco,
233,08/24/2019,0.03,ppm,28,San Francisco,
234,08/25/2019,0.033,ppm,31,San Francisco,
235,08/26/2019,0.025,ppm,23,San Francisco,
236,08/27/2019,0.031,ppm,29,San Francisco,
237,08/28/2019,0.029,ppm,27,San Francisco,
238,08/29/2019,0.024,ppm,22,San Francisco,
239,08/30/2019,0.022,ppm,20,San Francisco,
240,08/31/2019,0.023,ppm,21,San Francisco,
241,09/01/2019,0.024,ppm,22,San Francisco,
242,09/02/2019,0.024,ppm,22,San Francisco,
243,09/03/2019,0.022,ppm,20,San Francisco,
244,09/04/2019,0.024,ppm,22,San Francisco,
245,09/05/2019,0.027,ppm,25,San Francisco,
246,09/06/2019,0.025,ppm,23,San Francisco,
247,09/07/2019,0.025,ppm,23,San Francisco,
248,09/08/2019,0.026,ppm,24,San Francisco,
249,09/09/2019,0.03,ppm,28,San Francisco,
250,09/10/2019,0.028,ppm,26,San Francisco,
251,09/11/2019,0.029,ppm,27,San Francisco,
252,09/12/2019,0.032,ppm,30,San Francisco,
253,09/13/2019,0.048,ppm,44,San Francisco,
254,09/14/2019,0.026,ppm,24,San Francisco,
255,09/15/2019,0.029,ppm,27,San Francisco,
256,09/16/2019,0.029,ppm,27,San Francisco,
257,09/17/2019,0.024,ppm,22,San Francisco,
258,09/18/2019,0.025,ppm,23,San Francisco,
259,09/19/2019,0.027,ppm,25,San Francisco,
260,09/20/2019,0.027,ppm,25,San Francisco,
261,09/21/2019,0.033,ppm,31,San Francisco,
262,09/22/2019,0.021,ppm,19,San Francisco,
263,09/23/2019,0.023,ppm,21,San Francisco,
264,09/24/2019,0.035,ppm,32,San Francisco,
265,09/25/2019,0.036,ppm,33,San Francisco,
266,09/26/2019,0.035,ppm,32,San Francisco,
267,09/27/2019,0.03,ppm,28,San Francisco,
268,09/28/2019,0.031,ppm,29,San Francisco,
269,09/29/2019,0.03,ppm,28,San Francisco,
270,09/30/2019,0.03,ppm,28,San Francisco,
271,10/01/2019,0.025,ppm,23,San Francisco,
272,10/02/2019,0.023,ppm,21,San Francisco,
273,10/03/2019,0.029,ppm,27,San Francisco,
274,10/04/2019,0.029,ppm,27,San Francisco,
275,10/05/2019,0.028,ppm,26,San Francisco,
276,10/06/2019,0.039,ppm,36,San Francisco,
277,10/07/2019,0.039,ppm,36,San Francisco,
278,10/08/2019,0.032,ppm,30,San Francisco,
279,10/09/2019,0.031,ppm,29,San Francisco,
280,10/10/2019,0.035,ppm,32,San Francisco,
281,10/11/2019,0.04,ppm,37,San Francisco,
282,10/12/2019,0.054,ppm,50,San Francisco,
283,10/13/2019,0.037,ppm,34,San Francisco,
284,10/14/2019,0.034,ppm,31,San Francisco,
285,10/15/2019,0.031,ppm,29,San Francisco,
286,10/16/2019,0.032,ppm,30,San Francisco,
287,10/17/2019,0.033,ppm,31,San Francisco,
288,10/18/2019,0.034,ppm,31,San Francisco,
289,10/19/2019,0.033,ppm,31,San Francisco,
290,10/20/2019,0.03,ppm,28,San Francisco,
291,10/21/2019,0.025,ppm,23,San Francisco,
292,10/22/2019,0.03,ppm,28,San Francisco,
293,10/23/2019,0.027,ppm,25,San Francisco,
294,10/24/2019,0.03,ppm,28,San Francisco,
295,10/25/2019,0.039,ppm,36,San Francisco,
296,10/26/2019,0.027,ppm,25,San Francisco,
297,10/27/2019,0.031,ppm,29,San Francisco,
298,10/28/2019,0.043,ppm,40,San Francisco,
299,10/29/2019,0.031,ppm,29,San Francisco,
300,10/30/2019,0.034,ppm,31,San Francisco,
301,10/31/2019,0.036,ppm,33,San Francisco,
302,11/01/2019,0.032,ppm,30,San Francisco,
303,11/02/2019,0.047,ppm,44,San Francisco,
304,11/03/2019,0.045,ppm,42,San Francisco,
305,11/04/2019,0.029,ppm,27,San Francisco,
306,11/05/2019,0.027,ppm,25,San Francisco,
307,11/06/2019,0.022,ppm,20,San Francisco,
308,11/07/2019,0.033,ppm,31,San Francisco,
309,11/08/2019,0.031,ppm,29,San Francisco,
310,11/09/2019,0.031,ppm,29,San Francisco,
311,11/10/2019,0.026,ppm,24,San Francisco,
312,11/11/2019,0.022,ppm,20,San Francisco,
313,11/12/2019,0.033,ppm,31,San Francisco,
314,11/13/2019,0.034,ppm,31,San Francisco,
315,11/14/2019,0.027,ppm,25,San Francisco,
316,11/15/2019,0.025,ppm,23,San Francisco,
317,11/16/2019,0.015,ppm,14,San Francisco,
318,11/17/2019,0.036,ppm,33,San Francisco,
319,11/18/2019,0.039,ppm,36,San Francisco,
320,11/20/2019,0.028,ppm,26,San Francisco,
321,11/21/2019,0.028,ppm,26,San Francisco,
322,11/22/2019,0.027,ppm,25,San Francisco,
323,11/23/2019,0.031,ppm,29,San Francisco,
324,11/24/2019,0.026,ppm,24,San Francisco,
325,11/25/2019,0.035,ppm,32,San Francisco,
326,11/29/2019,0.031,ppm,29,San Francisco,
327,11/30/2019,0.034,ppm,31,San Francisco,
328,12/01/2019,0.032,ppm,30,San Francisco,
329,12/02/2019,0.019,ppm,18,San Francisco,
330,12/03/2019,0.016,ppm,15,San Francisco,
331,12/04/2019,0.006,ppm,6,San Francisco,
332,12/05/2019,0.01,ppm,9,San Francisco,
333,12/06/2019,0.034,ppm,31,San Francisco,
334,12/07/2019,0.039,ppm,36,San Francisco,
335,12/08/2019,0.041,ppm,38,San Francisco,
336,12/09/2019,0.027,ppm,25,San Francisco,
337,12/10/2019,0.022,ppm,20,San Francisco,
338,12/11/2019,0.02,ppm,19,San Francisco,
339,12/12/2019,0.019,ppm,18,San Francisco,
340,12/13/2019,0.035,ppm,32,San Francisco,
341,12/14/2019,0.04,ppm,37,San Francisco,
342,12/15/2019,0.035,ppm,32,San Francisco,
343,12/16/2019,0.02,ppm,19,San Francisco,
344,12/17/2019,0.029,ppm,27,San Francisco,
345,12/18/2019,0.031,ppm,29,San Francisco,
346,12/19/2019,0.027,ppm,25,San Francisco,
347,12/20/2019,0.015,ppm,14,San Francisco,
348,12/21/2019,0.029,ppm,27,San Francisco,
349,12/22/2019,0.04,ppm,37,San Francisco,
350,12/23/2019,0.025,ppm,23,San Francisco,
351,12/24/2019,0.036,ppm,33,San Francisco,
352,12/25/2019,0.03,ppm,28,San Francisco,
353,12/26/2019,0.024,ppm,22,San Francisco,
354,12/27/2019,0.022,ppm,20,San Francisco,
355,12/28/2019,0.019,ppm,18,San Francisco,
356,12/29/2019,0.025,ppm,23,San Francisco,
357,12/30/2019,0.021,ppm,19,San Francisco,
358,01/01/2015,,ppm,26,San Francisco,0.0279999999999999
359,01/02/2015,,ppm,20,San Francisco,0.022
360,01/03/2015,,ppm,17,San Francisco,0.018
361,01/04/2015,,ppm,19,San Francisco,0.02
362,01/05/2015,,ppm,12,San Francisco,0.013
363,01/06/2015,,ppm,13,San Francisco,0.0139999999999999
364,01/07/2015,,ppm,8,San Francisco,0.009
365,01/08/2015,,ppm,5,San Francisco,0.005
366,01/09/2015,,ppm,9,San Francisco,0.01
367,01/10/2015,,ppm,13,San Francisco,0.0139999999999999
368,01/11/2015,,ppm,14,San Francisco,0.015
369,01/12/2015,,ppm,9,San Francisco,0.01
370,01/13/2015,,ppm,11,San Francisco,0.012
371,01/14/2015,,ppm,13,San Francisco,0.0139999999999999
372,01/15/2015,,ppm,9,San Francisco,0.01
373,01/16/2015,,ppm,5,San Francisco,0.005
374,01/17/2015,,ppm,17,San Francisco,0.018
375,01/18/2015,,ppm,7,San Francisco,0.008
376,01/19/2015,,ppm,12,San Francisco,0.013
377,01/20/2015,,ppm,11,San Francisco,0.012
378,01/21/2015,,ppm,11,San Francisco,0.012
379,01/22/2015,,ppm,11,San Francisco,0.012
380,01/23/2015,,ppm,8,San Francisco,0.009
381,01/24/2015,,ppm,11,San Francisco,0.012
382,01/25/2015,,ppm,14,San Francisco,0.015
383,01/26/2015,,ppm,8,San Francisco,0.009
384,01/27/2015,,ppm,21,San Francisco,0.023
385,01/28/2015,,ppm,21,San Francisco,0.023
386,01/29/2015,,ppm,19,San Francisco,0.021
387,01/30/2015,,ppm,12,San Francisco,0.013
388,01/31/2015,,ppm,27,San Francisco,0.0289999999999999
389,02/01/2015,,ppm,18,San Francisco,0.019
390,02/02/2015,,ppm,20,San Francisco,0.022
391,02/03/2015,,ppm,16,San Francisco,0.017
392,02/04/2015,,ppm,30,San Francisco,0.032
393,02/05/2015,,ppm,28,San Francisco,0.03
394,02/06/2015,,ppm,29,San Francisco,0.031
395,02/07/2015,,ppm,26,San Francisco,0.0279999999999999
396,02/08/2015,,ppm,38,San Francisco,0.0409999999999999
397,02/09/2015,,ppm,30,San Francisco,0.032
398,02/10/2015,,ppm,21,San Francisco,0.023
399,02/11/2015,,ppm,15,San Francisco,0.016
400,02/12/2015,,ppm,19,San Francisco,0.02
401,02/13/2015,,ppm,21,San Francisco,0.023
402,02/14/2015,,ppm,21,San Francisco,0.023
403,02/15/2015,,ppm,23,San Francisco,0.025
404,02/16/2015,,ppm,36,San Francisco,0.039
405,02/17/2015,,ppm,37,San Francisco,0.04
406,02/18/2015,,ppm,25,San Francisco,0.027
407,02/19/2015,,ppm,22,San Francisco,0.024
408,02/20/2015,,ppm,15,San Francisco,0.016
409,02/21/2015,,ppm,31,San Francisco,0.034
410,02/22/2015,,ppm,31,San Francisco,0.034
411,02/23/2015,,ppm,31,San Francisco,0.033
412,02/24/2015,,ppm,29,San Francisco,0.031
413,02/25/2015,,ppm,28,San Francisco,0.03
414,02/26/2015,,ppm,29,San Francisco,0.031
415,02/27/2015,,ppm,33,San Francisco,0.036
416,02/28/2015,,ppm,31,San Francisco,0.034
417,03/01/2015,,ppm,30,San Francisco,0.032
418,03/02/2015,,ppm,35,San Francisco,0.038
419,03/03/2015,,ppm,29,San Francisco,0.031
420,03/04/2015,,ppm,28,San Francisco,0.03
421,03/05/2015,,ppm,36,San Francisco,0.039
422,03/06/2015,,ppm,33,San Francisco,0.036
423,03/07/2015,,ppm,34,San Francisco,0.037
424,03/08/2015,,ppm,31,San Francisco,0.033
425,03/09/2015,,ppm,24,San Francisco,0.026
426,03/10/2015,,ppm,30,San Francisco,0.032
427,03/11/2015,,ppm,33,San Francisco,0.036
428,03/12/2015,,ppm,24,San Francisco,0.026
429,03/13/2015,,ppm,21,San Francisco,0.023
430,03/14/2015,,ppm,37,San Francisco,0.04
431,03/15/2015,,ppm,32,San Francisco,0.035
432,03/16/2015,,ppm,30,San Francisco,0.032
433,03/17/2015,,ppm,32,San Francisco,0.035
434,03/18/2015,,ppm,30,San Francisco,0.032
435,03/19/2015,,ppm,34,San Francisco,0.037
436,03/20/2015,,ppm,33,San Francisco,0.036
437,03/21/2015,,ppm,31,San Francisco,0.033
438,03/22/2015,,ppm,34,San Francisco,0.037
439,03/23/2015,,ppm,39,San Francisco,0.042
440,03/24/2015,,ppm,33,San Francisco,0.036
441,03/25/2015,,ppm,24,San Francisco,0.026
442,03/26/2015,,ppm,28,San Francisco,0.03
443,03/27/2015,,ppm,24,San Francisco,0.026
444,03/28/2015,,ppm,31,San Francisco,0.033
445,03/29/2015,,ppm,28,San Francisco,0.03
446,03/30/2015,,ppm,31,San Francisco,0.034
447,03/31/2015,,ppm,38,San Francisco,0.0409999999999999
448,04/01/2015,,ppm,37,San Francisco,0.04
449,04/02/2015,,ppm,35,San Francisco,0.038
450,04/03/2015,,ppm,38,San Francisco,0.0409999999999999
451,04/04/2015,,ppm,42,San Francisco,0.045
452,04/05/2015,,ppm,43,San Francisco,0.046
453,04/06/2015,,ppm,42,San Francisco,0.045
454,04/07/2015,,ppm,43,San Francisco,0.046
455,04/08/2015,,ppm,38,San Francisco,0.0409999999999999
456,04/09/2015,,ppm,35,San Francisco,0.038
457,04/10/2015,,ppm,34,San Francisco,0.037
458,04/11/2015,,ppm,33,San Francisco,0.036
459,04/12/2015,,ppm,33,San Francisco,0.036
460,04/13/2015,,ppm,44,San Francisco,0.047
461,04/14/2015,,ppm,40,San Francisco,0.043
462,04/15/2015,,ppm,35,San Francisco,0.038
463,04/16/2015,,ppm,43,San Francisco,0.046
464,04/17/2015,,ppm,36,San Francisco,0.039
465,04/18/2015,,ppm,34,San Francisco,0.037
466,04/19/2015,,ppm,37,San Francisco,0.04
467,04/20/2015,,ppm,36,San Francisco,0.039
468,04/21/2015,,ppm,32,San Francisco,0.035
469,04/22/2015,,ppm,35,San Francisco,0.038
470,04/23/2015,,ppm,34,San Francisco,0.037
471,04/24/2015,,ppm,41,San Francisco,0.044
472,04/25/2015,,ppm,36,San Francisco,0.039
473,04/26/2015,,ppm,32,San Francisco,0.035
474,04/27/2015,,ppm,24,San Francisco,0.026
475,04/28/2015,,ppm,35,San Francisco,0.038
476,04/29/2015,,ppm,33,San Francisco,0.036
477,04/30/2015,,ppm,41,San Francisco,0.044
478,05/01/2015,,ppm,42,San Francisco,0.045
479,05/02/2015,,ppm,44,San Francisco,0.047
480,05/03/2015,,ppm,44,San Francisco,0.047
481,05/04/2015,,ppm,40,San Francisco,0.043
482,05/05/2015,,ppm,36,San Francisco,0.039
483,05/06/2015,,ppm,33,San Francisco,0.036
484,05/07/2015,,ppm,32,San Francisco,0.035
485,05/08/2015,,ppm,35,San Francisco,0.038
486,05/09/2015,,ppm,37,San Francisco,0.04
487,05/10/2015,,ppm,34,San Francisco,0.037
488,05/11/2015,,ppm,36,San Francisco,0.039
489,05/12/2015,,ppm,38,San Francisco,0.0409999999999999
490,05/13/2015,,ppm,38,San Francisco,0.0409999999999999
491,05/14/2015,,ppm,43,San Francisco,0.046
492,05/15/2015,,ppm,37,San Francisco,0.04
493,05/16/2015,,ppm,37,San Francisco,0.04
494,05/17/2015,,ppm,36,San Francisco,0.039
495,05/18/2015,,ppm,32,San Francisco,0.035
496,05/19/2015,,ppm,31,San Francisco,0.034
497,05/20/2015,,ppm,31,San Francisco,0.034
498,05/21/2015,,ppm,31,San Francisco,0.033
499,05/22/2015,,ppm,34,San Francisco,0.037
500,05/23/2015,,ppm,35,San Francisco,0.038
501,05/24/2015,,ppm,33,San Francisco,0.036
502,05/25/2015,,ppm,31,San Francisco,0.034
503,05/26/2015,,ppm,32,San Francisco,0.035
504,05/27/2015,,ppm,28,San Francisco,0.03
505,05/28/2015,,ppm,27,San Francisco,0.0289999999999999
506,05/29/2015,,ppm,31,San Francisco,0.033
507,05/30/2015,,ppm,35,San Francisco,0.038
508,05/31/2015,,ppm,36,San Francisco,0.039
509,06/01/2015,,ppm,27,San Francisco,0.0289999999999999
510,06/02/2015,,ppm,27,San Francisco,0.0289999999999999
511,06/04/2015,,ppm,25,San Francisco,0.027
512,06/05/2015,,ppm,26,San Francisco,0.0279999999999999
513,06/06/2015,,ppm,29,San Francisco,0.031
514,06/07/2015,,ppm,25,San Francisco,0.027
515,06/08/2015,,ppm,28,San Francisco,0.03
516,06/09/2015,,ppm,22,San Francisco,0.024
517,06/10/2015,,ppm,23,San Francisco,0.025
518,06/11/2015,,ppm,27,San Francisco,0.0289999999999999
519,06/12/2015,,ppm,27,San Francisco,0.0289999999999999
520,06/13/2015,,ppm,30,San Francisco,0.032
521,06/14/2015,,ppm,29,San Francisco,0.031
522,06/15/2015,,ppm,27,San Francisco,0.0289999999999999
523,06/16/2015,,ppm,28,San Francisco,0.03
524,06/17/2015,,ppm,27,San Francisco,0.0289999999999999
525,06/18/2015,,ppm,28,San Francisco,0.03
526,06/19/2015,,ppm,23,San Francisco,0.025
527,06/20/2015,,ppm,27,San Francisco,0.0289999999999999
528,06/21/2015,,ppm,31,San Francisco,0.034
529,06/22/2015,,ppm,27,San Francisco,0.0289999999999999
530,06/23/2015,,ppm,26,San Francisco,0.0279999999999999
531,06/24/2015,,ppm,25,San Francisco,0.027
532,06/25/2015,,ppm,22,San Francisco,0.024
533,06/26/2015,,ppm,27,San Francisco,0.0289999999999999
534,06/27/2015,,ppm,17,San Francisco,0.018
535,06/28/2015,,ppm,21,San Francisco,0.023
536,06/30/2015,,ppm,18,San Francisco,0.019
537,07/01/2015,,ppm,21,San Francisco,0.023
538,07/02/2015,,ppm,19,San Francisco,0.021
539,07/03/2015,,ppm,24,San Francisco,0.026
540,07/04/2015,,ppm,25,San Francisco,0.027
541,07/05/2015,,ppm,23,San Francisco,0.025
542,07/06/2015,,ppm,24,San Francisco,0.026
543,07/07/2015,,ppm,19,San Francisco,0.021
544,07/08/2015,,ppm,22,San Francisco,0.024
545,07/09/2015,,ppm,23,San Francisco,0.025
546,07/10/2015,,ppm,22,San Francisco,0.024
547,07/11/2015,,ppm,23,San Francisco,0.025
548,07/12/2015,,ppm,22,San Francisco,0.024
549,07/13/2015,,ppm,15,San Francisco,0.016
550,07/14/2015,,ppm,24,San Francisco,0.026
551,07/15/2015,,ppm,23,San Francisco,0.025
552,07/16/2015,,ppm,23,San Francisco,0.025
553,07/17/2015,,ppm,27,San Francisco,0.0289999999999999
554,07/18/2015,,ppm,31,San Francisco,0.034
555,07/19/2015,,ppm,32,San Francisco,0.035
556,07/20/2015,,ppm,19,San Francisco,0.021
557,07/21/2015,,ppm,20,San Francisco,0.022
558,07/22/2015,,ppm,20,San Francisco,0.022
559,07/23/2015,,ppm,22,San Francisco,0.024
560,07/24/2015,,ppm,21,San Francisco,0.023
561,07/25/2015,,ppm,18,San Francisco,0.019
562,07/26/2015,,ppm,22,San Francisco,0.024
563,07/27/2015,,ppm,22,San Francisco,0.024
564,07/28/2015,,ppm,23,San Francisco,0.025
565,07/29/2015,,ppm,24,San Francisco,0.026
566,07/30/2015,,ppm,25,San Francisco,0.027
567,07/31/2015,,ppm,24,San Francisco,0.026
568,08/01/2015,,ppm,24,San Francisco,0.026
569,08/02/2015,,ppm,19,San Francisco,0.021
570,08/03/2015,,ppm,23,San Francisco,0.025
571,08/04/2015,,ppm,22,San Francisco,0.024
572,08/05/2015,,ppm,22,San Francisco,0.024
573,08/06/2015,,ppm,23,San Francisco,0.025
574,08/07/2015,,ppm,26,San Francisco,0.0279999999999999
575,08/08/2015,,ppm,19,San Francisco,0.02
576,08/09/2015,,ppm,19,San Francisco,0.021
577,08/10/2015,,ppm,16,San Francisco,0.017
578,08/11/2015,,ppm,20,San Francisco,0.022
579,08/12/2015,,ppm,17,San Francisco,0.018
580,08/13/2015,,ppm,22,San Francisco,0.024
581,08/14/2015,,ppm,18,San Francisco,0.019
582,08/15/2015,,ppm,29,San Francisco,0.031
583,08/16/2015,,ppm,46,San Francisco,0.05
584,08/17/2015,,ppm,28,San Francisco,0.03
585,08/18/2015,,ppm,35,San Francisco,0.038
586,08/19/2015,,ppm,34,San Francisco,0.037
587,08/20/2015,,ppm,31,San Francisco,0.033
588,08/21/2015,,ppm,27,San Francisco,0.0289999999999999
589,08/22/2015,,ppm,28,San Francisco,0.03
590,08/23/2015,,ppm,30,San Francisco,0.032
591,08/24/2015,,ppm,31,San Francisco,0.034
592,08/25/2015,,ppm,33,San Francisco,0.036
593,08/26/2015,,ppm,26,San Francisco,0.0279999999999999
594,08/27/2015,,ppm,21,San Francisco,0.023
595,08/28/2015,,ppm,13,San Francisco,0.0139999999999999
596,08/29/2015,,ppm,24,San Francisco,0.026
597,08/30/2015,,ppm,25,San Francisco,0.027
598,08/31/2015,,ppm,26,San Francisco,0.0279999999999999
599,09/01/2015,,ppm,27,San Francisco,0.0289999999999999
600,09/02/2015,,ppm,25,San Francisco,0.027
601,09/03/2015,,ppm,25,San Francisco,0.027
602,09/04/2015,,ppm,22,San Francisco,0.024
603,09/05/2015,,ppm,26,San Francisco,0.0279999999999999
604,09/06/2015,,ppm,26,San Francisco,0.0279999999999999
605,09/07/2015,,ppm,47,San Francisco,0.051
606,09/08/2015,,ppm,54,San Francisco,0.0559999999999999
607,09/09/2015,,ppm,29,San Francisco,0.031
608,09/10/2015,,ppm,20,San Francisco,0.022
609,09/11/2015,,ppm,26,San Francisco,0.0279999999999999
610,09/12/2015,,ppm,26,San Francisco,0.0279999999999999
611,09/13/2015,,ppm,22,San Francisco,0.024
612,09/14/2015,,ppm,24,San Francisco,0.026
613,09/15/2015,,ppm,28,San Francisco,0.03
614,09/16/2015,,ppm,31,San Francisco,0.033
615,09/17/2015,,ppm,24,San Francisco,0.026
616,09/18/2015,,ppm,21,San Francisco,0.023
617,09/19/2015,,ppm,39,San Francisco,0.042
618,09/20/2015,,ppm,90,San Francisco,0.067
619,09/21/2015,,ppm,30,San Francisco,0.032
620,09/22/2015,,ppm,29,San Francisco,0.031
621,09/23/2015,,ppm,24,San Francisco,0.026
622,09/24/2015,,ppm,26,San Francisco,0.0279999999999999
623,09/25/2015,,ppm,23,San Francisco,0.025
624,09/26/2015,,ppm,25,San Francisco,0.027
625,09/27/2015,,ppm,23,San Francisco,0.025
626,09/28/2015,,ppm,31,San Francisco,0.034
627,09/29/2015,,ppm,32,San Francisco,0.035
628,09/30/2015,,ppm,18,San Francisco,0.019
629,10/01/2015,,ppm,22,San Francisco,0.024
630,10/02/2015,,ppm,25,San Francisco,0.027
631,10/03/2015,,ppm,32,San Francisco,0.035
632,10/04/2015,,ppm,35,San Francisco,0.038
633,10/05/2015,,ppm,31,San Francisco,0.034
634,10/06/2015,,ppm,32,San Francisco,0.035
635,10/07/2015,,ppm,28,San Francisco,0.03
636,10/08/2015,,ppm,23,San Francisco,0.025
637,10/09/2015,,ppm,26,San Francisco,0.0279999999999999
638,10/10/2015,,ppm,22,San Francisco,0.024
639,10/11/2015,,ppm,20,San Francisco,0.022
640,10/12/2015,,ppm,21,San Francisco,0.023
641,10/13/2015,,ppm,33,San Francisco,0.036
642,10/14/2015,,ppm,31,San Francisco,0.034
643,10/15/2015,,ppm,28,San Francisco,0.03
644,10/16/2015,,ppm,36,San Francisco,0.039
645,10/17/2015,,ppm,39,San Francisco,0.042
646,10/18/2015,,ppm,33,San Francisco,0.036
647,10/19/2015,,ppm,25,San Francisco,0.027
648,10/20/2015,,ppm,18,San Francisco,0.019
649,10/21/2015,,ppm,22,San Francisco,0.024
650,10/22/2015,,ppm,25,San Francisco,0.027
651,10/23/2015,,ppm,19,San Francisco,0.021
652,10/24/2015,,ppm,29,San Francisco,0.031
653,10/25/2015,,ppm,31,San Francisco,0.033
654,10/26/2015,,ppm,18,San Francisco,0.019
655,10/27/2015,,ppm,26,San Francisco,0.0279999999999999
656,10/28/2015,,ppm,29,San Francisco,0.031
657,10/29/2015,,ppm,25,San Francisco,0.027
658,10/30/2015,,ppm,17,San Francisco,0.018
659,10/31/2015,,ppm,22,San Francisco,0.024
660,11/01/2015,,ppm,28,San Francisco,0.03
661,11/02/2015,,ppm,30,San Francisco,0.032
662,11/03/2015,,ppm,25,San Francisco,0.027
663,11/04/2015,,ppm,29,San Francisco,0.031
664,11/05/2015,,ppm,21,San Francisco,0.023
665,11/06/2015,,ppm,23,San Francisco,0.025
666,11/07/2015,,ppm,29,San Francisco,0.031
667,11/08/2015,,ppm,32,San Francisco,0.035
668,11/09/2015,,ppm,38,San Francisco,0.0409999999999999
669,11/10/2015,,ppm,25,San Francisco,0.027
670,11/11/2015,,ppm,19,San Francisco,0.02
671,11/12/2015,,ppm,20,San Francisco,0.022
672,11/13/2015,,ppm,20,San Francisco,0.022
673,11/14/2015,,ppm,34,San Francisco,0.037
674,11/15/2015,,ppm,34,San Francisco,0.037
675,11/16/2015,,ppm,30,San Francisco,0.032
676,11/17/2015,,ppm,21,San Francisco,0.023
677,11/18/2015,,ppm,19,San Francisco,0.021
678,11/19/2015,,ppm,18,San Francisco,0.019
679,11/20/2015,,ppm,12,San Francisco,0.013
680,11/21/2015,,ppm,22,San Francisco,0.024
681,11/22/2015,,ppm,22,San Francisco,0.024
682,11/23/2015,,ppm,26,San Francisco,0.0279999999999999
683,11/24/2015,,ppm,30,San Francisco,0.032
684,11/25/2015,,ppm,23,San Francisco,0.025
685,11/26/2015,,ppm,28,San Francisco,0.03
686,11/27/2015,,ppm,27,San Francisco,0.0289999999999999
687,11/28/2015,,ppm,27,San Francisco,0.0289999999999999
688,11/29/2015,,ppm,26,San Francisco,0.0279999999999999
689,11/30/2015,,ppm,20,San Francisco,0.022
690,12/01/2015,,ppm,18,San Francisco,0.019
691,12/02/2015,,ppm,8,San Francisco,0.009
692,12/03/2015,,ppm,31,San Francisco,0.033
693,12/04/2015,,ppm,17,San Francisco,0.018
694,12/05/2015,,ppm,11,San Francisco,0.012
695,12/06/2015,,ppm,19,San Francisco,0.021
696,12/07/2015,,ppm,9,San Francisco,0.01
697,12/08/2015,,ppm,9,San Francisco,0.01
698,12/09/2015,,ppm,27,San Francisco,0.0289999999999999
699,12/10/2015,,ppm,32,San Francisco,0.035
700,12/11/2015,,ppm,30,San Francisco,0.032
701,12/12/2015,,ppm,29,San Francisco,0.031
702,12/13/2015,,ppm,35,San Francisco,0.038
703,12/14/2015,,ppm,27,San Francisco,0.0289999999999999
704,12/15/2015,,ppm,24,San Francisco,0.026
705,12/16/2015,,ppm,14,San Francisco,0.015
706,12/17/2015,,ppm,9,San Francisco,0.01
707,12/18/2015,,ppm,28,San Francisco,0.03
708,12/19/2015,,ppm,27,San Francisco,0.0289999999999999
709,12/20/2015,,ppm,26,San Francisco,0.0279999999999999
710,12/21/2015,,ppm,28,San Francisco,0.03
711,12/22/2015,,ppm,32,San Francisco,0.035
712,12/23/2015,,ppm,24,San Francisco,0.026
713,12/24/2015,,ppm,31,San Francisco,0.033
714,12/25/2015,,ppm,26,San Francisco,0.0279999999999999
715,12/26/2015,,ppm,25,San Francisco,0.027
716,12/27/2015,,ppm,15,San Francisco,0.016
717,12/28/2015,,ppm,15,San Francisco,0.016
718,12/29/2015,,ppm,14,San Francisco,0.015
719,12/30/2015,,ppm,9,San Francisco,0.01
720,01/01/2017,,ppm,35,San Francisco,0.038
721,01/02/2017,,ppm,35,San Francisco,0.038
722,01/03/2017,,ppm,32,San Francisco,0.035
723,01/04/2017,,ppm,24,San Francisco,0.026
724,01/05/2017,,ppm,26,San Francisco,0.0279999999999999
725,01/06/2017,,ppm,25,San Francisco,0.027
726,01/07/2017,,ppm,28,San Francisco,0.03
727,01/08/2017,,ppm,33,San Francisco,0.036
728,01/09/2017,,ppm,39,San Francisco,0.042
729,01/10/2017,,ppm,40,San Francisco,0.043
730,01/11/2017,,ppm,35,San Francisco,0.038
731,01/12/2017,,ppm,27,San Francisco,0.0289999999999999
732,01/13/2017,,ppm,17,San Francisco,0.018
733,01/14/2017,,ppm,20,San Francisco,0.022
734,01/15/2017,,ppm,18,San Francisco,0.019
735,01/16/2017,,ppm,16,San Francisco,0.017
736,01/17/2017,,ppm,10,San Francisco,0.011
737,01/18/2017,,ppm,41,San Francisco,0.044
738,01/19/2017,,ppm,33,San Francisco,0.036
739,01/20/2017,,ppm,39,San Francisco,0.042
740,01/21/2017,,ppm,36,San Francisco,0.039
741,01/22/2017,,ppm,36,San Francisco,0.039
742,01/23/2017,,ppm,32,San Francisco,0.035
743,01/24/2017,,ppm,28,San Francisco,0.03
744,01/25/2017,,ppm,30,San Francisco,0.032
745,01/26/2017,,ppm,22,San Francisco,0.024
746,01/27/2017,,ppm,24,San Francisco,0.026
747,01/28/2017,,ppm,24,San Francisco,0.026
748,01/29/2017,,ppm,25,San Francisco,0.027
749,01/30/2017,,ppm,19,San Francisco,0.021
750,01/31/2017,,ppm,17,San Francisco,0.018
751,02/01/2017,,ppm,21,San Francisco,0.023
752,02/02/2017,,ppm,31,San Francisco,0.034
753,02/03/2017,,ppm,38,San Francisco,0.0409999999999999
754,02/04/2017,,ppm,35,San Francisco,0.038
755,02/05/2017,,ppm,38,San Francisco,0.0409999999999999
756,02/06/2017,,ppm,37,San Francisco,0.04
757,02/07/2017,,ppm,21,San Francisco,0.023
758,02/08/2017,,ppm,17,San Francisco,0.018
759,02/09/2017,,ppm,38,San Francisco,0.0409999999999999
760,02/10/2017,,ppm,34,San Francisco,0.037
761,02/11/2017,,ppm,27,San Francisco,0.0289999999999999
762,02/12/2017,,ppm,26,San Francisco,0.0279999999999999
763,02/13/2017,,ppm,13,San Francisco,0.0139999999999999
764,02/14/2017,,ppm,26,San Francisco,0.0279999999999999
765,02/15/2017,,ppm,33,San Francisco,0.036
766,02/16/2017,,ppm,40,San Francisco,0.043
767,02/17/2017,,ppm,33,San Francisco,0.036
768,02/18/2017,,ppm,39,San Francisco,0.042
769,02/19/2017,,ppm,34,San Francisco,0.037
770,02/20/2017,,ppm,44,San Francisco,0.047
771,02/21/2017,,ppm,37,San Francisco,0.04
772,02/22/2017,,ppm,37,San Francisco,0.04
773,02/23/2017,,ppm,35,San Francisco,0.038
774,02/24/2017,,ppm,35,San Francisco,0.038
775,02/25/2017,,ppm,38,San Francisco,0.0409999999999999
776,02/26/2017,,ppm,36,San Francisco,0.039
777,02/27/2017,,ppm,33,San Francisco,0.036
778,02/28/2017,,ppm,34,San Francisco,0.037
779,03/01/2017,,ppm,26,San Francisco,0.0279999999999999
780,03/02/2017,,ppm,26,San Francisco,0.0279999999999999
781,03/03/2017,,ppm,36,San Francisco,0.039
782,03/04/2017,,ppm,44,San Francisco,0.047
783,03/05/2017,,ppm,42,San Francisco,0.045
784,03/06/2017,,ppm,33,San Francisco,0.036
785,03/07/2017,,ppm,31,San Francisco,0.033
786,03/08/2017,,ppm,31,San Francisco,0.033
787,03/09/2017,,ppm,20,San Francisco,0.022
788,03/10/2017,,ppm,16,San Francisco,0.017
789,03/11/2017,,ppm,30,San Francisco,0.032
790,03/12/2017,,ppm,24,San Francisco,0.026
791,03/13/2017,,ppm,29,San Francisco,0.031
792,03/14/2017,,ppm,38,San Francisco,0.0409999999999999
793,03/15/2017,,ppm,22,San Francisco,0.024
794,03/16/2017,,ppm,29,San Francisco,0.031
795,03/17/2017,,ppm,32,San Francisco,0.035
796,03/18/2017,,ppm,31,San Francisco,0.034
797,03/19/2017,,ppm,31,San Francisco,0.033
798,03/20/2017,,ppm,24,San Francisco,0.026
799,03/21/2017,,ppm,39,San Francisco,0.042
800,03/22/2017,,ppm,40,San Francisco,0.043
801,03/23/2017,,ppm,39,San Francisco,0.042
802,03/24/2017,,ppm,38,San Francisco,0.0409999999999999
803,03/25/2017,,ppm,38,San Francisco,0.0409999999999999
804,03/26/2017,,ppm,40,San Francisco,0.043
805,03/27/2017,,ppm,35,San Francisco,0.038
806,03/28/2017,,ppm,37,San Francisco,0.04
807,03/29/2017,,ppm,32,San Francisco,0.035
808,03/30/2017,,ppm,34,San Francisco,0.037
809,03/31/2017,,ppm,37,San Francisco,0.04
810,04/01/2017,,ppm,36,San Francisco,0.039
811,04/02/2017,,ppm,31,San Francisco,0.034
812,04/03/2017,,ppm,34,San Francisco,0.037
813,04/04/2017,,ppm,36,San Francisco,0.039
814,04/05/2017,,ppm,50,San Francisco,0.054
815,04/06/2017,,ppm,48,San Francisco,0.052
816,04/07/2017,,ppm,40,San Francisco,0.043
817,04/08/2017,,ppm,44,San Francisco,0.048
818,04/09/2017,,ppm,39,San Francisco,0.042
819,04/10/2017,,ppm,36,San Francisco,0.039
820,04/11/2017,,ppm,38,San Francisco,0.0409999999999999
821,04/12/2017,,ppm,41,San Francisco,0.044
822,04/13/2017,,ppm,43,San Francisco,0.046
823,04/14/2017,,ppm,34,San Francisco,0.037
824,04/15/2017,,ppm,32,San Francisco,0.035
825,04/16/2017,,ppm,38,San Francisco,0.0409999999999999
826,04/17/2017,,ppm,31,San Francisco,0.033
827,04/18/2017,,ppm,36,San Francisco,0.039
828,04/19/2017,,ppm,34,San Francisco,0.037
829,04/20/2017,,ppm,40,San Francisco,0.043
830,04/21/2017,,ppm,32,San Francisco,0.035
831,04/22/2017,,ppm,35,San Francisco,0.038
832,04/23/2017,,ppm,37,San Francisco,0.04
833,04/24/2017,,ppm,37,San Francisco,0.04
834,04/25/2017,,ppm,36,San Francisco,0.039
835,04/26/2017,,ppm,30,San Francisco,0.032
836,04/27/2017,,ppm,37,San Francisco,0.04
837,04/28/2017,,ppm,34,San Francisco,0.037
838,04/29/2017,,ppm,37,San Francisco,0.04
839,04/30/2017,,ppm,30,San Francisco,0.032
840,05/01/2017,,ppm,32,San Francisco,0.035
841,05/02/2017,,ppm,20,San Francisco,0.022
842,05/03/2017,,ppm,19,San Francisco,0.02
843,05/04/2017,,ppm,20,San Francisco,0.022
844,05/05/2017,,ppm,37,San Francisco,0.04
845,05/06/2017,,ppm,32,San Francisco,0.035
846,05/07/2017,,ppm,31,San Francisco,0.033
847,05/08/2017,,ppm,29,San Francisco,0.031
848,05/09/2017,,ppm,35,San Francisco,0.038
849,05/11/2017,,ppm,31,San Francisco,0.034
850,05/12/2017,,ppm,31,San Francisco,0.034
851,05/13/2017,,ppm,31,San Francisco,0.034
852,05/14/2017,,ppm,30,San Francisco,0.032
853,05/15/2017,,ppm,34,San Francisco,0.037
854,05/17/2017,,ppm,30,San Francisco,0.032
855,05/18/2017,,ppm,24,San Francisco,0.026
856,05/19/2017,,ppm,28,San Francisco,0.03
857,05/20/2017,,ppm,27,San Francisco,0.0289999999999999
858,05/21/2017,,ppm,26,San Francisco,0.0279999999999999
859,05/22/2017,,ppm,27,San Francisco,0.0289999999999999
860,05/23/2017,,ppm,29,San Francisco,0.031
861,05/24/2017,,ppm,32,San Francisco,0.035
862,05/25/2017,,ppm,32,San Francisco,0.035
863,05/26/2017,,ppm,31,San Francisco,0.034
864,05/27/2017,,ppm,30,San Francisco,0.032
865,05/28/2017,,ppm,28,San Francisco,0.03
866,05/29/2017,,ppm,29,San Francisco,0.031
867,05/30/2017,,ppm,28,San Francisco,0.03
868,05/31/2017,,ppm,23,San Francisco,0.025
869,06/01/2017,,ppm,20,San Francisco,0.022
870,06/02/2017,,ppm,22,San Francisco,0.024
871,06/03/2017,,ppm,30,San Francisco,0.032
872,06/04/2017,,ppm,32,San Francisco,0.035
873,06/05/2017,,ppm,29,San Francisco,0.031
874,06/06/2017,,ppm,26,San Francisco,0.0279999999999999
875,06/07/2017,,ppm,23,San Francisco,0.025
876,06/08/2017,,ppm,18,San Francisco,0.019
877,06/09/2017,,ppm,29,San Francisco,0.031
878,06/10/2017,,ppm,27,San Francisco,0.0289999999999999
879,06/11/2017,,ppm,25,San Francisco,0.027
880,06/12/2017,,ppm,20,San Francisco,0.022
881,06/13/2017,,ppm,23,San Francisco,0.025
882,06/14/2017,,ppm,26,San Francisco,0.0279999999999999
883,06/15/2017,,ppm,18,San Francisco,0.019
884,06/16/2017,,ppm,20,San Francisco,0.022
885,06/17/2017,,ppm,20,San Francisco,0.022
886,06/18/2017,,ppm,31,San Francisco,0.033
887,06/19/2017,,ppm,16,San Francisco,0.017
888,06/20/2017,,ppm,16,San Francisco,0.017
889,06/21/2017,,ppm,19,San Francisco,0.02
890,06/22/2017,,ppm,22,San Francisco,0.024
891,06/23/2017,,ppm,22,San Francisco,0.024
892,06/24/2017,,ppm,21,San Francisco,0.023
893,06/25/2017,,ppm,22,San Francisco,0.024
894,06/26/2017,,ppm,20,San Francisco,0.022
895,06/27/2017,,ppm,21,San Francisco,0.023
896,06/28/2017,,ppm,22,San Francisco,0.024
897,06/29/2017,,ppm,22,San Francisco,0.024
898,06/30/2017,,ppm,21,San Francisco,0.023
899,07/01/2017,,ppm,22,San Francisco,0.024
900,07/02/2017,,ppm,21,San Francisco,0.023
901,07/03/2017,,ppm,23,San Francisco,0.025
902,07/04/2017,,ppm,26,San Francisco,0.0279999999999999
903,07/05/2017,,ppm,20,San Francisco,0.022
904,07/06/2017,,ppm,19,San Francisco,0.021
905,07/07/2017,,ppm,19,San Francisco,0.02
906,07/08/2017,,ppm,20,San Francisco,0.022
907,07/09/2017,,ppm,19,San Francisco,0.021
908,07/10/2017,,ppm,19,San Francisco,0.021
909,07/11/2017,,ppm,23,San Francisco,0.025
910,07/12/2017,,ppm,20,San Francisco,0.022
911,07/13/2017,,ppm,18,San Francisco,0.019
912,07/14/2017,,ppm,19,San Francisco,0.02
913,07/15/2017,,ppm,19,San Francisco,0.021
914,07/16/2017,,ppm,19,San Francisco,0.02
915,07/17/2017,,ppm,19,San Francisco,0.02
916,07/18/2017,,ppm,17,San Francisco,0.018
917,07/19/2017,,ppm,16,San Francisco,0.017
918,07/20/2017,,ppm,14,San Francisco,0.015
919,07/21/2017,,ppm,15,San Francisco,0.016
920,07/22/2017,,ppm,19,San Francisco,0.021
921,07/23/2017,,ppm,12,San Francisco,0.013
922,07/24/2017,,ppm,19,San Francisco,0.02
923,07/25/2017,,ppm,20,San Francisco,0.022
924,07/26/2017,,ppm,21,San Francisco,0.023
925,07/27/2017,,ppm,14,San Francisco,0.015
926,07/28/2017,,ppm,17,San Francisco,0.018
927,07/29/2017,,ppm,18,San Francisco,0.019
928,07/30/2017,,ppm,19,San Francisco,0.021
929,07/31/2017,,ppm,19,San Francisco,0.021
930,08/01/2017,,ppm,18,San Francisco,0.019
931,08/02/2017,,ppm,19,San Francisco,0.021
932,08/03/2017,,ppm,18,San Francisco,0.019
933,08/04/2017,,ppm,18,San Francisco,0.019
934,08/05/2017,,ppm,20,San Francisco,0.022
935,08/06/2017,,ppm,24,San Francisco,0.026
936,08/07/2017,,ppm,26,San Francisco,0.0279999999999999
937,08/08/2017,,ppm,21,San Francisco,0.023
938,08/09/2017,,ppm,19,San Francisco,0.021
939,08/10/2017,,ppm,23,San Francisco,0.025
940,08/11/2017,,ppm,24,San Francisco,0.026
941,08/12/2017,,ppm,20,San Francisco,0.022
942,08/13/2017,,ppm,16,San Francisco,0.017
943,08/14/2017,,ppm,19,San Francisco,0.021
944,08/15/2017,,ppm,20,San Francisco,0.022
945,08/16/2017,,ppm,20,San Francisco,0.022
946,08/17/2017,,ppm,20,San Francisco,0.022
947,08/18/2017,,ppm,23,San Francisco,0.025
948,08/19/2017,,ppm,22,San Francisco,0.024
949,08/20/2017,,ppm,27,San Francisco,0.0289999999999999
950,08/21/2017,,ppm,26,San Francisco,0.0279999999999999
951,08/22/2017,,ppm,31,San Francisco,0.033
952,08/23/2017,,ppm,19,San Francisco,0.02
953,08/24/2017,,ppm,23,San Francisco,0.025
954,08/25/2017,,ppm,19,San Francisco,0.021
955,08/26/2017,,ppm,29,San Francisco,0.031
956,08/27/2017,,ppm,24,San Francisco,0.026
957,08/28/2017,,ppm,28,San Francisco,0.03
958,08/29/2017,,ppm,22,San Francisco,0.024
959,08/30/2017,,ppm,15,San Francisco,0.016
960,08/31/2017,,ppm,23,San Francisco,0.025
961,09/03/2017,,ppm,38,San Francisco,0.0409999999999999
962,09/04/2017,,ppm,31,San Francisco,0.033
963,09/05/2017,,ppm,25,San Francisco,0.027
964,09/06/2017,,ppm,22,San Francisco,0.024
965,09/07/2017,,ppm,20,San Francisco,0.022
966,09/08/2017,,ppm,22,San Francisco,0.024
967,09/09/2017,,ppm,21,San Francisco,0.023
968,09/10/2017,,ppm,39,San Francisco,0.042
969,09/11/2017,,ppm,29,San Francisco,0.031
970,09/12/2017,,ppm,29,San Francisco,0.031
971,09/13/2017,,ppm,24,San Francisco,0.026
972,09/14/2017,,ppm,23,San Francisco,0.025
973,09/15/2017,,ppm,24,San Francisco,0.026
974,09/16/2017,,ppm,27,San Francisco,0.0289999999999999
975,09/17/2017,,ppm,23,San Francisco,0.025
976,09/18/2017,,ppm,28,San Francisco,0.03
977,09/19/2017,,ppm,24,San Francisco,0.026
978,09/20/2017,,ppm,28,San Francisco,0.03
979,09/21/2017,,ppm,25,San Francisco,0.027
980,09/22/2017,,ppm,21,San Francisco,0.023
981,09/23/2017,,ppm,26,San Francisco,0.0279999999999999
982,09/24/2017,,ppm,26,San Francisco,0.0279999999999999
983,09/25/2017,,ppm,22,San Francisco,0.024
984,09/26/2017,,ppm,29,San Francisco,0.031
985,09/27/2017,,ppm,42,San Francisco,0.045
986,09/28/2017,,ppm,23,San Francisco,0.025
987,09/29/2017,,ppm,23,San Francisco,0.025
988,09/30/2017,,ppm,22,San Francisco,0.024
989,10/01/2017,,ppm,25,San Francisco,0.027
990,10/02/2017,,ppm,26,San Francisco,0.0279999999999999
991,10/03/2017,,ppm,22,San Francisco,0.024
992,10/04/2017,,ppm,22,San Francisco,0.024
993,10/05/2017,,ppm,23,San Francisco,0.025
994,10/06/2017,,ppm,23,San Francisco,0.025
995,10/07/2017,,ppm,23,San Francisco,0.025
996,10/08/2017,,ppm,28,San Francisco,0.03
997,10/09/2017,,ppm,34,San Francisco,0.037
998,10/10/2017,,ppm,28,San Francisco,0.03
999,10/11/2017,,ppm,20,San Francisco,0.022
1000,10/12/2017,,ppm,27,San Francisco,0.0289999999999999
1001,10/13/2017,,ppm,27,San Francisco,0.0289999999999999
1002,10/14/2017,,ppm,31,San Francisco,0.033
1003,10/15/2017,,ppm,31,San Francisco,0.034
1004,10/16/2017,,ppm,31,San Francisco,0.034
1005,10/17/2017,,ppm,22,San Francisco,0.024
1006,10/18/2017,,ppm,21,San Francisco,0.023
1007,10/19/2017,,ppm,25,San Francisco,0.027
1008,10/20/2017,,ppm,24,San Francisco,0.026
1009,10/21/2017,,ppm,21,San Francisco,0.023
1010,10/22/2017,,ppm,19,San Francisco,0.021
1011,10/23/2017,,ppm,18,San Francisco,0.019
1012,10/24/2017,,ppm,24,San Francisco,0.026
1013,10/25/2017,,ppm,43,San Francisco,0.046
1014,10/26/2017,,ppm,39,San Francisco,0.042
1015,10/27/2017,,ppm,30,San Francisco,0.032
1016,10/28/2017,,ppm,27,San Francisco,0.0289999999999999
1017,10/29/2017,,ppm,34,San Francisco,0.037
1018,10/30/2017,,ppm,33,San Francisco,0.036
1019,10/31/2017,,ppm,30,San Francisco,0.032
1020,11/01/2017,,ppm,31,San Francisco,0.033
1021,11/02/2017,,ppm,31,San Francisco,0.033
1022,11/03/2017,,ppm,32,San Francisco,0.035
1023,11/04/2017,,ppm,34,San Francisco,0.037
1024,11/05/2017,,ppm,34,San Francisco,0.037
1025,11/06/2017,,ppm,31,San Francisco,0.033
1026,11/07/2017,,ppm,28,San Francisco,0.03
1027,11/08/2017,,ppm,33,San Francisco,0.036
1028,11/09/2017,,ppm,34,San Francisco,0.037
1029,11/10/2017,,ppm,29,San Francisco,0.031
1030,11/11/2017,,ppm,28,San Francisco,0.03
1031,11/12/2017,,ppm,29,San Francisco,0.031
1032,11/13/2017,,ppm,26,San Francisco,0.0279999999999999
1033,11/15/2017,,ppm,31,San Francisco,0.034
1034,11/16/2017,,ppm,34,San Francisco,0.037
1035,11/17/2017,,ppm,30,San Francisco,0.032
1036,11/18/2017,,ppm,21,San Francisco,0.023
1037,11/19/2017,,ppm,23,San Francisco,0.025
1038,11/20/2017,,ppm,7,San Francisco,0.008
1039,11/21/2017,,ppm,16,San Francisco,0.017
1040,11/22/2017,,ppm,13,San Francisco,0.0139999999999999
1041,11/23/2017,,ppm,11,San Francisco,0.012
1042,11/24/2017,,ppm,16,San Francisco,0.017
1043,11/25/2017,,ppm,18,San Francisco,0.019
1044,11/27/2017,,ppm,37,San Francisco,0.04
1045,11/29/2017,,ppm,15,San Francisco,0.016
1046,11/30/2017,,ppm,14,San Francisco,0.015
1047,12/01/2017,,ppm,12,San Francisco,0.013
1048,12/02/2017,,ppm,31,San Francisco,0.034
1049,12/03/2017,,ppm,31,San Francisco,0.033
1050,12/04/2017,,ppm,29,San Francisco,0.031
1051,12/05/2017,,ppm,23,San Francisco,0.025
1052,12/06/2017,,ppm,22,San Francisco,0.024
1053,12/07/2017,,ppm,18,San Francisco,0.019
1054,12/08/2017,,ppm,19,San Francisco,0.02
1055,12/09/2017,,ppm,16,San Francisco,0.017
1056,12/10/2017,,ppm,19,San Francisco,0.021
1057,12/11/2017,,ppm,7,San Francisco,0.008
1058,12/12/2017,,ppm,9,San Francisco,0.01
1059,12/13/2017,,ppm,11,San Francisco,0.012
1060,12/14/2017,,ppm,13,San Francisco,0.0139999999999999
1061,12/15/2017,,ppm,16,San Francisco,0.017
1062,12/16/2017,,ppm,33,San Francisco,0.036
1063,12/17/2017,,ppm,28,San Francisco,0.03
1064,12/18/2017,,ppm,19,San Francisco,0.02
1065,12/19/2017,,ppm,30,San Francisco,0.032
1066,12/20/2017,,ppm,30,San Francisco,0.032
1067,12/21/2017,,ppm,24,San Francisco,0.026
1068,12/22/2017,,ppm,16,San Francisco,0.017
1069,12/23/2017,,ppm,19,San Francisco,0.02
1070,12/24/2017,,ppm,12,San Francisco,0.013
1071,12/25/2017,,ppm,18,San Francisco,0.019
1072,12/26/2017,,ppm,19,San Francisco,0.021
1073,12/27/2017,,ppm,6,San Francisco,0.0069999999999999
1074,12/28/2017,,ppm,7,San Francisco,0.008
1075,12/29/2017,,ppm,12,San Francisco,0.013
1076,12/30/2017,,ppm,14,San Francisco,0.015
1077,01/01/2018,0.014,ppm,13,San Francisco,
1078,01/02/2018,0.009,ppm,8,San Francisco,
1079,01/03/2018,0.005,ppm,5,San Francisco,
1080,01/04/2018,0.018,ppm,17,San Francisco,
1081,01/05/2018,0.027,ppm,25,San Francisco,
1082,01/06/2018,0.025,ppm,23,San Francisco,
1083,01/07/2018,0.008,ppm,7,San Francisco,
1084,01/08/2018,0.003,ppm,3,San Francisco,
1085,01/09/2018,0.029,ppm,27,San Francisco,
1086,01/10/2018,0.024,ppm,22,San Francisco,
1087,01/11/2018,0.015,ppm,14,San Francisco,
1088,01/12/2018,0.014,ppm,13,San Francisco,
1089,01/13/2018,0.017,ppm,16,San Francisco,
1090,01/14/2018,0.012,ppm,11,San Francisco,
1091,01/15/2018,0.014,ppm,13,San Francisco,
1092,01/16/2018,0.006,ppm,6,San Francisco,
1093,01/17/2018,0.011,ppm,10,San Francisco,
1094,01/18/2018,0.032,ppm,30,San Francisco,
1095,01/19/2018,0.03,ppm,28,San Francisco,
1096,01/20/2018,0.027,ppm,25,San Francisco,
1097,01/21/2018,0.03,ppm,28,San Francisco,
1098,01/22/2018,0.031,ppm,29,San Francisco,
1099,01/23/2018,0.02,ppm,19,San Francisco,
1100,01/24/2018,0.033,ppm,31,San Francisco,
1101,01/25/2018,0.033,ppm,31,San Francisco,
1102,01/26/2018,0.027,ppm,25,San Francisco,
1103,01/27/2018,0.025,ppm,23,San Francisco,
1104,01/28/2018,0.021,ppm,19,San Francisco,
1105,01/29/2018,0.013,ppm,12,San Francisco,
1106,01/30/2018,0.014,ppm,13,San Francisco,
1107,01/31/2018,0.012,ppm,11,San Francisco,
1108,02/01/2018,0.017,ppm,16,San Francisco,
1109,02/02/2018,0.014,ppm,13,San Francisco,
1110,02/03/2018,0.027,ppm,25,San Francisco,
1111,02/04/2018,0.021,ppm,19,San Francisco,
1112,02/05/2018,0.014,ppm,13,San Francisco,
1113,02/06/2018,0.033,ppm,31,San Francisco,
1114,02/07/2018,0.03,ppm,28,San Francisco,
1115,02/08/2018,0.026,ppm,24,San Francisco,
1116,02/09/2018,0.022,ppm,20,San Francisco,
1117,02/10/2018,0.033,ppm,31,San Francisco,
1118,02/11/2018,0.034,ppm,31,San Francisco,
1119,02/12/2018,0.029,ppm,27,San Francisco,
1120,02/13/2018,0.028,ppm,26,San Francisco,
1121,02/14/2018,0.032,ppm,30,San Francisco,
1122,02/15/2018,0.032,ppm,30,San Francisco,
1123,02/16/2018,0.023,ppm,21,San Francisco,
1124,02/17/2018,0.029,ppm,27,San Francisco,
1125,02/18/2018,0.039,ppm,36,San Francisco,
1126,02/19/2018,0.035,ppm,32,San Francisco,
1127,02/20/2018,0.031,ppm,29,San Francisco,
1128,02/21/2018,0.032,ppm,30,San Francisco,
1129,02/22/2018,0.034,ppm,31,San Francisco,
1130,02/23/2018,0.03,ppm,28,San Francisco,
1131,02/24/2018,0.034,ppm,31,San Francisco,
1132,02/25/2018,0.035,ppm,32,San Francisco,
1133,02/26/2018,0.033,ppm,31,San Francisco,
1134,02/27/2018,0.033,ppm,31,San Francisco,
1135,02/28/2018,0.028,ppm,26,San Francisco,
1136,03/01/2018,0.037,ppm,34,San Francisco,
1137,03/02/2018,0.033,ppm,31,San Francisco,
1138,03/03/2018,0.036,ppm,33,San Francisco,
1139,03/04/2018,0.033,ppm,31,San Francisco,
1140,03/05/2018,0.029,ppm,27,San Francisco,
1141,03/06/2018,0.028,ppm,26,San Francisco,
1142,03/07/2018,0.04,ppm,37,San Francisco,
1143,03/08/2018,0.025,ppm,23,San Francisco,
1144,03/09/2018,0.023,ppm,21,San Francisco,
1145,03/10/2018,0.017,ppm,16,San Francisco,
1146,03/11/2018,0.027,ppm,25,San Francisco,
1147,03/12/2018,0.021,ppm,19,San Francisco,
1148,03/13/2018,0.035,ppm,32,San Francisco,
1149,03/14/2018,0.036,ppm,33,San Francisco,
1150,03/15/2018,0.034,ppm,31,San Francisco,
1151,03/16/2018,0.033,ppm,31,San Francisco,
1152,03/17/2018,0.032,ppm,30,San Francisco,
1153,03/18/2018,0.024,ppm,22,San Francisco,
1154,03/19/2018,0.022,ppm,20,San Francisco,
1155,03/20/2018,0.024,ppm,22,San Francisco,
1156,03/21/2018,0.03,ppm,28,San Francisco,
1157,03/22/2018,0.036,ppm,33,San Francisco,
1158,03/23/2018,0.033,ppm,31,San Francisco,
1159,03/24/2018,0.037,ppm,34,San Francisco,
1160,03/25/2018,0.033,ppm,31,San Francisco,
1161,03/26/2018,0.027,ppm,25,San Francisco,
1162,03/27/2018,0.026,ppm,24,San Francisco,
1163,03/28/2018,0.034,ppm,31,San Francisco,
1164,03/29/2018,0.038,ppm,35,San Francisco,
1165,03/30/2018,0.037,ppm,34,San Francisco,
1166,03/31/2018,0.03,ppm,28,San Francisco,
1167,04/01/2018,0.04,ppm,37,San Francisco,
1168,04/02/2018,0.039,ppm,36,San Francisco,
1169,04/03/2018,0.036,ppm,33,San Francisco,
1170,04/04/2018,0.042,ppm,39,San Francisco,
1171,04/05/2018,0.034,ppm,31,San Francisco,
1172,04/06/2018,0.019,ppm,18,San Francisco,
1173,04/07/2018,0.04,ppm,37,San Francisco,
1174,04/08/2018,0.042,ppm,39,San Francisco,
1175,04/09/2018,0.035,ppm,32,San Francisco,
1176,04/10/2018,0.042,ppm,39,San Francisco,
1177,04/11/2018,0.047,ppm,44,San Francisco,
1178,04/12/2018,0.047,ppm,44,San Francisco,
1179,04/13/2018,0.038,ppm,35,San Francisco,
1180,04/14/2018,0.045,ppm,42,San Francisco,
1181,04/15/2018,0.044,ppm,41,San Francisco,
1182,04/16/2018,0.044,ppm,41,San Francisco,
1183,04/18/2018,0.039,ppm,36,San Francisco,
1184,04/19/2018,0.035,ppm,32,San Francisco,
1185,04/20/2018,0.041,ppm,38,San Francisco,
1186,04/21/2018,0.036,ppm,33,San Francisco,
1187,04/22/2018,0.035,ppm,32,San Francisco,
1188,04/23/2018,0.037,ppm,34,San Francisco,
1189,04/24/2018,0.038,ppm,35,San Francisco,
1190,04/25/2018,0.04,ppm,37,San Francisco,
1191,04/26/2018,0.043,ppm,40,San Francisco,
1192,04/27/2018,0.042,ppm,39,San Francisco,
1193,04/28/2018,0.048,ppm,44,San Francisco,
1194,04/29/2018,0.043,ppm,40,San Francisco,
1195,04/30/2018,0.041,ppm,38,San Francisco,
1196,05/01/2018,0.04,ppm,37,San Francisco,
1197,05/02/2018,0.039,ppm,36,San Francisco,
1198,05/03/2018,0.039,ppm,36,San Francisco,
1199,05/04/2018,0.033,ppm,31,San Francisco,
1200,05/05/2018,0.04,ppm,37,San Francisco,
1201,05/06/2018,0.036,ppm,33,San Francisco,
1202,05/07/2018,0.031,ppm,29,San Francisco,
1203,05/08/2018,0.029,ppm,27,San Francisco,
1204,05/09/2018,0.039,ppm,36,San Francisco,
1205,05/10/2018,0.036,ppm,33,San Francisco,
1206,05/11/2018,0.034,ppm,31,San Francisco,
1207,05/12/2018,0.041,ppm,38,San Francisco,
1208,05/13/2018,0.039,ppm,36,San Francisco,
1209,05/14/2018,0.034,ppm,31,San Francisco,
1210,05/15/2018,0.034,ppm,31,San Francisco,
1211,05/16/2018,0.03,ppm,28,San Francisco,
1212,05/17/2018,0.031,ppm,29,San Francisco,
1213,05/18/2018,0.033,ppm,31,San Francisco,
1214,05/19/2018,0.041,ppm,38,San Francisco,
1215,05/20/2018,0.039,ppm,36,San Francisco,
1216,05/21/2018,0.034,ppm,31,San Francisco,
1217,05/22/2018,0.032,ppm,30,San Francisco,
1218,05/23/2018,0.033,ppm,31,San Francisco,
1219,05/24/2018,0.034,ppm,31,San Francisco,
1220,05/25/2018,0.032,ppm,30,San Francisco,
1221,05/26/2018,0.028,ppm,26,San Francisco,
1222,05/27/2018,0.029,ppm,27,San Francisco,
1223,05/28/2018,0.034,ppm,31,San Francisco,
1224,05/29/2018,0.034,ppm,31,San Francisco,
1225,05/30/2018,0.033,ppm,31,San Francisco,
1226,05/31/2018,0.031,ppm,29,San Francisco,
1227,06/01/2018,0.029,ppm,27,San Francisco,
1228,06/02/2018,0.028,ppm,26,San Francisco,
1229,06/03/2018,0.033,ppm,31,San Francisco,
1230,06/04/2018,0.034,ppm,31,San Francisco,
1231,06/05/2018,0.032,ppm,30,San Francisco,
1232,06/06/2018,0.035,ppm,32,San Francisco,
1233,06/07/2018,0.038,ppm,35,San Francisco,
1234,06/08/2018,0.03,ppm,28,San Francisco,
1235,06/09/2018,0.034,ppm,31,San Francisco,
1236,06/10/2018,0.03,ppm,28,San Francisco,
1237,06/11/2018,0.022,ppm,20,San Francisco,
1238,06/12/2018,0.03,ppm,28,San Francisco,
1239,06/13/2018,0.026,ppm,24,San Francisco,
1240,06/14/2018,0.025,ppm,23,San Francisco,
1241,06/15/2018,0.028,ppm,26,San Francisco,
1242,06/16/2018,0.032,ppm,30,San Francisco,
1243,06/17/2018,0.032,ppm,30,San Francisco,
1244,06/18/2018,0.037,ppm,34,San Francisco,
1245,06/19/2018,0.028,ppm,26,San Francisco,
1246,06/20/2018,0.026,ppm,24,San Francisco,
1247,06/21/2018,0.024,ppm,22,San Francisco,
1248,06/22/2018,0.022,ppm,20,San Francisco,
1249,06/23/2018,0.026,ppm,24,San Francisco,
1250,06/24/2018,0.035,ppm,32,San Francisco,
1251,06/25/2018,0.032,ppm,30,San Francisco,
1252,06/26/2018,0.03,ppm,28,San Francisco,
1253,06/27/2018,0.03,ppm,28,San Francisco,
1254,06/28/2018,0.03,ppm,28,San Francisco,
1255,06/29/2018,0.029,ppm,27,San Francisco,
1256,06/30/2018,0.031,ppm,29,San Francisco,
1257,07/01/2018,0.029,ppm,27,San Francisco,
1258,07/02/2018,0.031,ppm,29,San Francisco,
1259,07/03/2018,0.029,ppm,27,San Francisco,
1260,07/04/2018,0.031,ppm,29,San Francisco,
1261,07/05/2018,0.026,ppm,24,San Francisco,
1262,07/06/2018,0.017,ppm,16,San Francisco,
1263,07/07/2018,0.022,ppm,20,San Francisco,
1264,07/08/2018,0.023,ppm,21,San Francisco,
1265,07/09/2018,0.024,ppm,22,San Francisco,
1266,07/10/2018,0.02,ppm,19,San Francisco,
1267,07/11/2018,0.022,ppm,20,San Francisco,
1268,07/12/2018,0.025,ppm,23,San Francisco,
1269,07/13/2018,0.022,ppm,20,San Francisco,
1270,07/14/2018,0.024,ppm,22,San Francisco,
1271,07/15/2018,0.026,ppm,24,San Francisco,
1272,07/16/2018,0.028,ppm,26,San Francisco,
1273,07/17/2018,0.024,ppm,22,San Francisco,
1274,07/18/2018,0.023,ppm,21,San Francisco,
1275,07/19/2018,0.021,ppm,19,San Francisco,
1276,07/20/2018,0.023,ppm,21,San Francisco,
1277,07/21/2018,0.021,ppm,19,San Francisco,
1278,07/22/2018,0.025,ppm,23,San Francisco,
1279,07/23/2018,0.029,ppm,27,San Francisco,
1280,07/24/2018,0.026,ppm,24,San Francisco,
1281,07/25/2018,0.022,ppm,20,San Francisco,
1282,07/26/2018,0.022,ppm,20,San Francisco,
1283,07/27/2018,0.018,ppm,17,San Francisco,
1284,07/28/2018,0.018,ppm,17,San Francisco,
1285,07/29/2018,0.02,ppm,19,San Francisco,
1286,07/30/2018,0.02,ppm,19,San Francisco,
1287,07/31/2018,0.026,ppm,24,San Francisco,
1288,08/01/2018,0.019,ppm,18,San Francisco,
1289,08/02/2018,0.018,ppm,17,San Francisco,
1290,08/03/2018,0.014,ppm,13,San Francisco,
1291,08/04/2018,0.017,ppm,16,San Francisco,
1292,08/05/2018,0.02,ppm,19,San Francisco,
1293,08/06/2018,0.019,ppm,18,San Francisco,
1294,08/07/2018,0.025,ppm,23,San Francisco,
1295,08/08/2018,0.022,ppm,20,San Francisco,
1296,08/09/2018,0.024,ppm,22,San Francisco,
1297,08/10/2018,0.017,ppm,16,San Francisco,
1298,08/11/2018,0.018,ppm,17,San Francisco,
1299,08/12/2018,0.021,ppm,19,San Francisco,
1300,08/13/2018,0.026,ppm,24,San Francisco,
1301,08/14/2018,0.027,ppm,25,San Francisco,
1302,08/15/2018,0.037,ppm,34,San Francisco,
1303,08/16/2018,0.039,ppm,36,San Francisco,
1304,08/17/2018,0.036,ppm,33,San Francisco,
1305,08/18/2018,0.031,ppm,29,San Francisco,
1306,08/19/2018,0.033,ppm,31,San Francisco,
1307,08/20/2018,0.033,ppm,31,San Francisco,
1308,08/21/2018,0.043,ppm,40,San Francisco,
1309,08/22/2018,0.04,ppm,37,San Francisco,
1310,08/23/2018,0.049,ppm,45,San Francisco,
1311,08/24/2018,0.038,ppm,35,San Francisco,
1312,08/25/2018,0.027,ppm,25,San Francisco,
1313,08/26/2018,0.031,ppm,29,San Francisco,
1314,08/28/2018,0.021,ppm,19,San Francisco,
1315,08/29/2018,0.037,ppm,34,San Francisco,
1316,08/30/2018,0.037,ppm,34,San Francisco,
1317,08/31/2018,0.022,ppm,20,San Francisco,
1318,09/01/2018,0.025,ppm,23,San Francisco,
1319,09/02/2018,0.03,ppm,28,San Francisco,
1320,09/03/2018,0.033,ppm,31,San Francisco,
1321,09/04/2018,0.034,ppm,31,San Francisco,
1322,09/05/2018,0.032,ppm,30,San Francisco,
1323,09/06/2018,0.032,ppm,30,San Francisco,
1324,09/07/2018,0.028,ppm,26,San Francisco,
1325,09/08/2018,0.027,ppm,25,San Francisco,
1326,09/09/2018,0.028,ppm,26,San Francisco,
1327,09/10/2018,0.028,ppm,26,San Francisco,
1328,09/11/2018,0.031,ppm,29,San Francisco,
1329,09/12/2018,0.031,ppm,29,San Francisco,
1330,09/13/2018,0.028,ppm,26,San Francisco,
1331,09/14/2018,0.026,ppm,24,San Francisco,
1332,09/15/2018,0.028,ppm,26,San Francisco,
1333,09/16/2018,0.03,ppm,28,San Francisco,
1334,09/17/2018,0.032,ppm,30,San Francisco,
1335,09/18/2018,0.03,ppm,28,San Francisco,
1336,09/19/2018,0.028,ppm,26,San Francisco,
1337,09/20/2018,0.037,ppm,34,San Francisco,
1338,09/21/2018,0.034,ppm,31,San Francisco,
1339,09/22/2018,0.032,ppm,30,San Francisco,
1340,09/23/2018,0.027,ppm,25,San Francisco,
1341,09/24/2018,0.03,ppm,28,San Francisco,
1342,09/25/2018,0.033,ppm,31,San Francisco,
1343,09/26/2018,0.033,ppm,31,San Francisco,
1344,09/27/2018,0.036,ppm,33,San Francisco,
1345,09/28/2018,0.038,ppm,35,San Francisco,
1346,09/29/2018,0.032,ppm,30,San Francisco,
1347,09/30/2018,0.03,ppm,28,San Francisco,
1348,10/01/2018,0.026,ppm,24,San Francisco,
1349,10/02/2018,0.025,ppm,23,San Francisco,
1350,10/03/2018,0.029,ppm,27,San Francisco,
1351,10/04/2018,0.034,ppm,31,San Francisco,
1352,10/05/2018,0.029,ppm,27,San Francisco,
1353,10/06/2018,0.03,ppm,28,San Francisco,
1354,10/07/2018,0.035,ppm,32,San Francisco,
1355,10/08/2018,0.028,ppm,26,San Francisco,
1356,10/09/2018,0.03,ppm,28,San Francisco,
1357,10/11/2018,0.033,ppm,31,San Francisco,
1358,10/12/2018,0.029,ppm,27,San Francisco,
1359,10/13/2018,0.034,ppm,31,San Francisco,
1360,10/14/2018,0.034,ppm,31,San Francisco,
1361,10/15/2018,0.041,ppm,38,San Francisco,
1362,10/16/2018,0.033,ppm,31,San Francisco,
1363,10/17/2018,0.038,ppm,35,San Francisco,
1364,10/18/2018,0.032,ppm,30,San Francisco,
1365,10/19/2018,0.036,ppm,33,San Francisco,
1366,10/20/2018,0.038,ppm,35,San Francisco,
1367,10/21/2018,0.04,ppm,37,San Francisco,
1368,10/22/2018,0.04,ppm,37,San Francisco,
1369,10/23/2018,0.037,ppm,34,San Francisco,
1370,10/24/2018,0.025,ppm,23,San Francisco,
1371,10/25/2018,0.027,ppm,25,San Francisco,
1372,10/26/2018,0.023,ppm,21,San Francisco,
1373,10/27/2018,0.015,ppm,14,San Francisco,
1374,10/28/2018,0.032,ppm,30,San Francisco,
1375,10/29/2018,0.032,ppm,30,San Francisco,
1376,10/30/2018,0.027,ppm,25,San Francisco,
1377,10/31/2018,0.022,ppm,20,San Francisco,
1378,11/01/2018,0.024,ppm,22,San Francisco,
1379,11/02/2018,0.019,ppm,18,San Francisco,
1380,11/03/2018,0.021,ppm,19,San Francisco,
1381,11/04/2018,0.033,ppm,31,San Francisco,
1382,11/05/2018,0.027,ppm,25,San Francisco,
1383,11/06/2018,0.023,ppm,21,San Francisco,
1384,11/07/2018,0.028,ppm,26,San Francisco,
1385,11/09/2018,0.036,ppm,33,San Francisco,
1386,11/10/2018,0.03,ppm,28,San Francisco,
1387,11/11/2018,0.049,ppm,45,San Francisco,
1388,11/12/2018,0.048,ppm,44,San Francisco,
1389,11/13/2018,0.034,ppm,31,San Francisco,
1390,11/14/2018,0.035,ppm,32,San Francisco,
1391,11/15/2018,0.039,ppm,36,San Francisco,
1392,11/16/2018,0.028,ppm,26,San Francisco,
1393,11/17/2018,0.043,ppm,40,San Francisco,
1394,11/18/2018,0.032,ppm,30,San Francisco,
1395,11/19/2018,0.026,ppm,24,San Francisco,
1396,11/20/2018,0.028,ppm,26,San Francisco,
1397,11/21/2018,0.035,ppm,32,San Francisco,
1398,11/22/2018,0.037,ppm,34,San Francisco,
1399,11/23/2018,0.035,ppm,32,San Francisco,
1400,11/24/2018,0.033,ppm,31,San Francisco,
1401,11/25/2018,0.013,ppm,12,San Francisco,
1402,11/26/2018,0.014,ppm,13,San Francisco,
1403,11/27/2018,0.02,ppm,19,San Francisco,
1404,11/29/2018,0.039,ppm,36,San Francisco,
1405,11/30/2018,0.032,ppm,30,San Francisco,
1406,12/01/2018,0.038,ppm,35,San Francisco,
1407,12/02/2018,0.028,ppm,26,San Francisco,
1408,12/03/2018,0.02,ppm,19,San Francisco,
1409,12/04/2018,0.022,ppm,20,San Francisco,
1410,12/05/2018,0.025,ppm,23,San Francisco,
1411,12/06/2018,0.023,ppm,21,San Francisco,
1412,12/07/2018,0.015,ppm,14,San Francisco,
1413,12/08/2018,0.024,ppm,22,San Francisco,
1414,12/09/2018,0.013,ppm,12,San Francisco,
1415,12/10/2018,0.015,ppm,14,San Francisco,
1416,12/11/2018,0.011,ppm,10,San Francisco,
1417,12/12/2018,0.022,ppm,20,San Francisco,
1418,12/13/2018,0.022,ppm,20,San Francisco,
1419,12/14/2018,0.036,ppm,33,San Francisco,
1420,12/15/2018,0.024,ppm,22,San Francisco,
1421,12/16/2018,0.033,ppm,31,San Francisco,
1422,12/17/2018,0.027,ppm,25,San Francisco,
1423,12/18/2018,0.022,ppm,20,San Francisco,
1424,12/19/2018,0.017,ppm,16,San Francisco,
1425,12/20/2018,0.009,ppm,8,San Francisco,
1426,12/21/2018,0.01,ppm,9,San Francisco,
1427,12/22/2018,0.018,ppm,17,San Francisco,
1428,12/23/2018,0.014,ppm,13,San Francisco,
1429,12/24/2018,0.039,ppm,36,San Francisco,
1430,12/25/2018,0.029,ppm,27,San Francisco,
1431,12/26/2018,0.024,ppm,22,San Francisco,
1432,12/27/2018,0.032,ppm,30,San Francisco,
1433,12/28/2018,0.031,ppm,29,San Francisco,
1434,12/29/2018,0.023,ppm,21,San Francisco,
1435,12/30/2018,0.033,ppm,31,San Francisco,
1436,01/01/2016,,ppm,30,San Francisco,0.032
1437,01/02/2016,,ppm,22,San Francisco,0.024
1438,01/03/2016,,ppm,15,San Francisco,0.016
1439,01/04/2016,,ppm,28,San Francisco,0.03
1440,01/05/2016,,ppm,27,San Francisco,0.0289999999999999
1441,01/06/2016,,ppm,32,San Francisco,0.035
1442,01/07/2016,,ppm,21,San Francisco,0.023
1443,01/08/2016,,ppm,11,San Francisco,0.012
1444,01/09/2016,,ppm,23,San Francisco,0.025
1445,01/10/2016,,ppm,22,San Francisco,0.024
1446,01/11/2016,,ppm,8,San Francisco,0.009
1447,01/12/2016,,ppm,30,San Francisco,0.032
1448,01/13/2016,,ppm,32,San Francisco,0.035
1449,01/14/2016,,ppm,33,San Francisco,0.036
1450,01/15/2016,,ppm,19,San Francisco,0.02
1451,01/16/2016,,ppm,16,San Francisco,0.017
1452,01/17/2016,,ppm,25,San Francisco,0.027
1453,01/18/2016,,ppm,22,San Francisco,0.024
1454,01/19/2016,,ppm,28,San Francisco,0.03
1455,01/20/2016,,ppm,13,San Francisco,0.0139999999999999
1456,01/21/2016,,ppm,28,San Francisco,0.03
1457,01/22/2016,,ppm,36,San Francisco,0.039
1458,01/23/2016,,ppm,34,San Francisco,0.037
1459,01/24/2016,,ppm,31,San Francisco,0.033
1460,01/25/2016,,ppm,21,San Francisco,0.023
1461,01/26/2016,,ppm,8,San Francisco,0.009
1462,01/27/2016,,ppm,17,San Francisco,0.018
1463,01/28/2016,,ppm,16,San Francisco,0.017
1464,01/29/2016,,ppm,33,San Francisco,0.036
1465,01/30/2016,,ppm,33,San Francisco,0.036
1466,01/31/2016,,ppm,31,San Francisco,0.033
1467,02/01/2016,,ppm,28,San Francisco,0.03
1468,02/02/2016,,ppm,22,San Francisco,0.024
1469,02/03/2016,,ppm,21,San Francisco,0.023
1470,02/04/2016,,ppm,21,San Francisco,0.023
1471,02/05/2016,,ppm,18,San Francisco,0.019
1472,02/06/2016,,ppm,20,San Francisco,0.022
1473,02/07/2016,,ppm,19,San Francisco,0.021
1474,02/08/2016,,ppm,19,San Francisco,0.021
1475,02/09/2016,,ppm,21,San Francisco,0.023
1476,02/10/2016,,ppm,19,San Francisco,0.02
1477,02/11/2016,,ppm,19,San Francisco,0.021
1478,02/12/2016,,ppm,17,San Francisco,0.018
1479,02/13/2016,,ppm,22,San Francisco,0.024
1480,02/14/2016,,ppm,20,San Francisco,0.022
1481,02/15/2016,,ppm,19,San Francisco,0.02
1482,02/16/2016,,ppm,28,San Francisco,0.03
1483,02/17/2016,,ppm,38,San Francisco,0.0409999999999999
1484,02/18/2016,,ppm,35,San Francisco,0.038
1485,02/19/2016,,ppm,34,San Francisco,0.037
1486,02/20/2016,,ppm,26,San Francisco,0.0279999999999999
1487,02/21/2016,,ppm,30,San Francisco,0.032
1488,02/22/2016,,ppm,19,San Francisco,0.021
1489,02/23/2016,,ppm,23,San Francisco,0.025
1490,02/24/2016,,ppm,31,San Francisco,0.033
1491,02/25/2016,,ppm,30,San Francisco,0.032
1492,02/26/2016,,ppm,27,San Francisco,0.0289999999999999
1493,02/27/2016,,ppm,30,San Francisco,0.032
1494,02/28/2016,,ppm,24,San Francisco,0.026
1495,02/29/2016,,ppm,17,San Francisco,0.018
1496,03/01/2016,,ppm,26,San Francisco,0.0279999999999999
1497,03/02/2016,,ppm,24,San Francisco,0.026
1498,03/03/2016,,ppm,19,San Francisco,0.02
1499,03/04/2016,,ppm,22,San Francisco,0.024
1500,03/05/2016,,ppm,40,San Francisco,0.043
1501,03/06/2016,,ppm,39,San Francisco,0.042
1502,03/07/2016,,ppm,31,San Francisco,0.033
1503,03/08/2016,,ppm,31,San Francisco,0.033
1504,03/09/2016,,ppm,19,San Francisco,0.021
1505,03/10/2016,,ppm,26,San Francisco,0.0279999999999999
1506,03/11/2016,,ppm,37,San Francisco,0.04
1507,03/12/2016,,ppm,36,San Francisco,0.039
1508,03/13/2016,,ppm,35,San Francisco,0.038
1509,03/14/2016,,ppm,38,San Francisco,0.0409999999999999
1510,03/15/2016,,ppm,31,San Francisco,0.033
1511,03/16/2016,,ppm,23,San Francisco,0.025
1512,03/17/2016,,ppm,30,San Francisco,0.032
1513,03/18/2016,,ppm,30,San Francisco,0.032
1514,03/19/2016,,ppm,34,San Francisco,0.037
1515,03/20/2016,,ppm,32,San Francisco,0.035
1516,03/21/2016,,ppm,39,San Francisco,0.042
1517,03/22/2016,,ppm,31,San Francisco,0.034
1518,03/23/2016,,ppm,27,San Francisco,0.0289999999999999
1519,03/24/2016,,ppm,28,San Francisco,0.03
1520,03/25/2016,,ppm,31,San Francisco,0.033
1521,03/26/2016,,ppm,25,San Francisco,0.027
1522,03/27/2016,,ppm,36,San Francisco,0.039
1523,03/28/2016,,ppm,32,San Francisco,0.035
1524,03/29/2016,,ppm,29,San Francisco,0.031
1525,03/30/2016,,ppm,31,San Francisco,0.033
1526,03/31/2016,,ppm,31,San Francisco,0.034
1527,04/01/2016,,ppm,32,San Francisco,0.035
1528,04/02/2016,,ppm,30,San Francisco,0.032
1529,04/03/2016,,ppm,31,San Francisco,0.033
1530,04/04/2016,,ppm,28,San Francisco,0.03
1531,04/05/2016,,ppm,30,San Francisco,0.032
1532,04/06/2016,,ppm,34,San Francisco,0.037
1533,04/07/2016,,ppm,33,San Francisco,0.036
1534,04/08/2016,,ppm,27,San Francisco,0.0289999999999999
1535,04/09/2016,,ppm,25,San Francisco,0.027
1536,04/10/2016,,ppm,30,San Francisco,0.032
1537,04/11/2016,,ppm,30,San Francisco,0.032
1538,04/12/2016,,ppm,37,San Francisco,0.04
1539,04/13/2016,,ppm,36,San Francisco,0.039
1540,04/14/2016,,ppm,37,San Francisco,0.04
1541,04/15/2016,,ppm,31,San Francisco,0.033
1542,04/16/2016,,ppm,34,San Francisco,0.037
1543,04/17/2016,,ppm,44,San Francisco,0.047
1544,04/18/2016,,ppm,40,San Francisco,0.043
1545,04/19/2016,,ppm,41,San Francisco,0.044
1546,04/20/2016,,ppm,33,San Francisco,0.036
1547,04/21/2016,,ppm,31,San Francisco,0.034
1548,04/22/2016,,ppm,40,San Francisco,0.043
1549,04/23/2016,,ppm,33,San Francisco,0.036
1550,04/24/2016,,ppm,36,San Francisco,0.039
1551,04/25/2016,,ppm,34,San Francisco,0.037
1552,04/26/2016,,ppm,33,San Francisco,0.036
1553,04/27/2016,,ppm,37,San Francisco,0.04
1554,04/28/2016,,ppm,31,San Francisco,0.034
1555,04/29/2016,,ppm,32,San Francisco,0.035
1556,04/30/2016,,ppm,34,San Francisco,0.037
1557,05/01/2016,,ppm,37,San Francisco,0.04
1558,05/02/2016,,ppm,31,San Francisco,0.034
1559,05/03/2016,,ppm,27,San Francisco,0.0289999999999999
1560,05/04/2016,,ppm,32,San Francisco,0.035
1561,05/05/2016,,ppm,31,San Francisco,0.034
1562,05/06/2016,,ppm,25,San Francisco,0.027
1563,05/07/2016,,ppm,25,San Francisco,0.027
1564,05/08/2016,,ppm,31,San Francisco,0.033
1565,05/09/2016,,ppm,31,San Francisco,0.034
1566,05/11/2016,,ppm,32,San Francisco,0.035
1567,05/12/2016,,ppm,33,San Francisco,0.036
1568,05/13/2016,,ppm,35,San Francisco,0.038
1569,05/14/2016,,ppm,28,San Francisco,0.03
1570,05/15/2016,,ppm,26,San Francisco,0.0279999999999999
1571,05/16/2016,,ppm,27,San Francisco,0.0289999999999999
1572,05/17/2016,,ppm,28,San Francisco,0.03
1573,05/18/2016,,ppm,31,San Francisco,0.033
1574,05/19/2016,,ppm,35,San Francisco,0.038
1575,05/20/2016,,ppm,31,San Francisco,0.033
1576,05/21/2016,,ppm,32,San Francisco,0.035
1577,05/22/2016,,ppm,26,San Francisco,0.0279999999999999
1578,05/23/2016,,ppm,24,San Francisco,0.026
1579,05/24/2016,,ppm,22,San Francisco,0.024
1580,05/25/2016,,ppm,29,San Francisco,0.031
1581,05/26/2016,,ppm,43,San Francisco,0.046
1582,05/27/2016,,ppm,35,San Francisco,0.038
1583,05/28/2016,,ppm,40,San Francisco,0.043
1584,05/29/2016,,ppm,36,San Francisco,0.039
1585,05/30/2016,,ppm,32,San Francisco,0.035
1586,05/31/2016,,ppm,27,San Francisco,0.0289999999999999
1587,06/01/2016,,ppm,31,San Francisco,0.034
1588,06/02/2016,,ppm,26,San Francisco,0.0279999999999999
1589,06/03/2016,,ppm,31,San Francisco,0.033
1590,06/04/2016,,ppm,28,San Francisco,0.03
1591,06/05/2016,,ppm,28,San Francisco,0.03
1592,06/06/2016,,ppm,23,San Francisco,0.025
1593,06/07/2016,,ppm,24,San Francisco,0.026
1594,06/08/2016,,ppm,27,San Francisco,0.0289999999999999
1595,06/09/2016,,ppm,25,San Francisco,0.027
1596,06/10/2016,,ppm,30,San Francisco,0.032
1597,06/11/2016,,ppm,31,San Francisco,0.033
1598,06/12/2016,,ppm,30,San Francisco,0.032
1599,06/13/2016,,ppm,31,San Francisco,0.034
1600,06/14/2016,,ppm,30,San Francisco,0.032
1601,06/15/2016,,ppm,26,San Francisco,0.0279999999999999
1602,06/16/2016,,ppm,29,San Francisco,0.031
1603,06/17/2016,,ppm,24,San Francisco,0.026
1604,06/18/2016,,ppm,27,San Francisco,0.0289999999999999
1605,06/19/2016,,ppm,33,San Francisco,0.036
1606,06/20/2016,,ppm,25,San Francisco,0.027
1607,06/21/2016,,ppm,25,San Francisco,0.027
1608,06/22/2016,,ppm,28,San Francisco,0.03
1609,06/23/2016,,ppm,23,San Francisco,0.025
1610,06/24/2016,,ppm,21,San Francisco,0.023
1611,06/25/2016,,ppm,23,San Francisco,0.025
1612,06/26/2016,,ppm,23,San Francisco,0.025
1613,06/27/2016,,ppm,19,San Francisco,0.021
1614,06/28/2016,,ppm,19,San Francisco,0.02
1615,06/29/2016,,ppm,20,San Francisco,0.022
1616,06/30/2016,,ppm,21,San Francisco,0.023
1617,07/01/2016,,ppm,19,San Francisco,0.021
1618,07/02/2016,,ppm,18,San Francisco,0.019
1619,07/03/2016,,ppm,22,San Francisco,0.024
1620,07/04/2016,,ppm,22,San Francisco,0.024
1621,07/05/2016,,ppm,24,San Francisco,0.026
1622,07/06/2016,,ppm,21,San Francisco,0.023
1623,07/07/2016,,ppm,16,San Francisco,0.017
1624,07/08/2016,,ppm,15,San Francisco,0.016
1625,07/09/2016,,ppm,22,San Francisco,0.024
1626,07/10/2016,,ppm,21,San Francisco,0.023
1627,07/11/2016,,ppm,19,San Francisco,0.021
1628,07/12/2016,,ppm,19,San Francisco,0.02
1629,07/13/2016,,ppm,18,San Francisco,0.019
1630,07/14/2016,,ppm,20,San Francisco,0.022
1631,07/15/2016,,ppm,24,San Francisco,0.026
1632,07/16/2016,,ppm,22,San Francisco,0.024
1633,07/17/2016,,ppm,18,San Francisco,0.019
1634,07/18/2016,,ppm,20,San Francisco,0.022
1635,07/19/2016,,ppm,24,San Francisco,0.026
1636,07/20/2016,,ppm,19,San Francisco,0.021
1637,07/21/2016,,ppm,21,San Francisco,0.023
1638,07/22/2016,,ppm,19,San Francisco,0.02
1639,07/23/2016,,ppm,20,San Francisco,0.022
1640,07/24/2016,,ppm,21,San Francisco,0.023
1641,07/25/2016,,ppm,20,San Francisco,0.022
1642,07/26/2016,,ppm,22,San Francisco,0.024
1643,07/27/2016,,ppm,15,San Francisco,0.016
1644,07/28/2016,,ppm,14,San Francisco,0.015
1645,07/29/2016,,ppm,15,San Francisco,0.016
1646,07/30/2016,,ppm,19,San Francisco,0.02
1647,07/31/2016,,ppm,22,San Francisco,0.024
1648,08/01/2016,,ppm,26,San Francisco,0.0279999999999999
1649,08/02/2016,,ppm,20,San Francisco,0.022
1650,08/03/2016,,ppm,21,San Francisco,0.023
1651,08/04/2016,,ppm,20,San Francisco,0.022
1652,08/05/2016,,ppm,20,San Francisco,0.022
1653,08/06/2016,,ppm,21,San Francisco,0.023
1654,08/07/2016,,ppm,19,San Francisco,0.021
1655,08/08/2016,,ppm,19,San Francisco,0.02
1656,08/09/2016,,ppm,19,San Francisco,0.021
1657,08/10/2016,,ppm,20,San Francisco,0.022
1658,08/11/2016,,ppm,19,San Francisco,0.021
1659,08/12/2016,,ppm,19,San Francisco,0.02
1660,08/13/2016,,ppm,19,San Francisco,0.02
1661,08/14/2016,,ppm,16,San Francisco,0.017
1662,08/15/2016,,ppm,16,San Francisco,0.017
1663,08/16/2016,,ppm,19,San Francisco,0.021
1664,08/17/2016,,ppm,20,San Francisco,0.022
1665,08/18/2016,,ppm,24,San Francisco,0.026
1666,08/19/2016,,ppm,30,San Francisco,0.032
1667,08/20/2016,,ppm,29,San Francisco,0.031
1668,08/21/2016,,ppm,29,San Francisco,0.031
1669,08/22/2016,,ppm,27,San Francisco,0.0289999999999999
1670,08/23/2016,,ppm,27,San Francisco,0.0289999999999999
1671,08/24/2016,,ppm,27,San Francisco,0.0289999999999999
1672,08/25/2016,,ppm,24,San Francisco,0.026
1673,08/26/2016,,ppm,30,San Francisco,0.032
1674,08/27/2016,,ppm,29,San Francisco,0.031
1675,08/28/2016,,ppm,33,San Francisco,0.036
1676,08/29/2016,,ppm,26,San Francisco,0.0279999999999999
1677,08/30/2016,,ppm,18,San Francisco,0.019
1678,08/31/2016,,ppm,16,San Francisco,0.017
1679,09/01/2016,,ppm,19,San Francisco,0.021
1680,09/02/2016,,ppm,21,San Francisco,0.023
1681,09/03/2016,,ppm,26,San Francisco,0.0279999999999999
1682,09/04/2016,,ppm,22,San Francisco,0.024
1683,09/05/2016,,ppm,23,San Francisco,0.025
1684,09/06/2016,,ppm,20,San Francisco,0.022
1685,09/07/2016,,ppm,20,San Francisco,0.022
1686,09/08/2016,,ppm,39,San Francisco,0.042
1687,09/09/2016,,ppm,33,San Francisco,0.036
1688,09/10/2016,,ppm,29,San Francisco,0.031
1689,09/11/2016,,ppm,30,San Francisco,0.032
1690,09/12/2016,,ppm,28,San Francisco,0.03
1691,09/13/2016,,ppm,31,San Francisco,0.034
1692,09/14/2016,,ppm,27,San Francisco,0.0289999999999999
1693,09/15/2016,,ppm,31,San Francisco,0.034
1694,09/16/2016,,ppm,25,San Francisco,0.027
1695,09/17/2016,,ppm,24,San Francisco,0.026
1696,09/18/2016,,ppm,23,San Francisco,0.025
1697,09/19/2016,,ppm,28,San Francisco,0.03
1698,09/20/2016,,ppm,28,San Francisco,0.03
1699,09/21/2016,,ppm,28,San Francisco,0.03
1700,09/22/2016,,ppm,25,San Francisco,0.027
1701,09/23/2016,,ppm,22,San Francisco,0.024
1702,09/24/2016,,ppm,21,San Francisco,0.023
1703,09/25/2016,,ppm,45,San Francisco,0.049
1704,09/26/2016,,ppm,58,San Francisco,0.057
1705,09/27/2016,,ppm,20,San Francisco,0.022
1706,09/28/2016,,ppm,31,San Francisco,0.033
1707,09/29/2016,,ppm,32,San Francisco,0.035
1708,09/30/2016,,ppm,31,San Francisco,0.034
1709,10/01/2016,,ppm,33,San Francisco,0.036
1710,10/02/2016,,ppm,33,San Francisco,0.036
1711,10/03/2016,,ppm,29,San Francisco,0.031
1712,10/04/2016,,ppm,29,San Francisco,0.031
1713,10/05/2016,,ppm,28,San Francisco,0.03
1714,10/06/2016,,ppm,25,San Francisco,0.027
1715,10/07/2016,,ppm,26,San Francisco,0.0279999999999999
1716,10/08/2016,,ppm,43,San Francisco,0.046
1717,10/09/2016,,ppm,36,San Francisco,0.039
1718,10/10/2016,,ppm,37,San Francisco,0.04
1719,10/11/2016,,ppm,38,San Francisco,0.0409999999999999
1720,10/12/2016,,ppm,27,San Francisco,0.0289999999999999
1721,10/13/2016,,ppm,21,San Francisco,0.023
1722,10/14/2016,,ppm,33,San Francisco,0.036
1723,10/15/2016,,ppm,31,San Francisco,0.033
1724,10/16/2016,,ppm,35,San Francisco,0.038
1725,10/17/2016,,ppm,36,San Francisco,0.039
1726,10/18/2016,,ppm,28,San Francisco,0.03
1727,10/19/2016,,ppm,25,San Francisco,0.027
1728,10/20/2016,,ppm,21,San Francisco,0.023
1729,10/21/2016,,ppm,20,San Francisco,0.022
1730,10/22/2016,,ppm,28,San Francisco,0.03
1731,10/23/2016,,ppm,41,San Francisco,0.044
1732,10/24/2016,,ppm,30,San Francisco,0.032
1733,10/25/2016,,ppm,22,San Francisco,0.024
1734,10/26/2016,,ppm,20,San Francisco,0.022
1735,10/27/2016,,ppm,12,San Francisco,0.013
1736,10/28/2016,,ppm,27,San Francisco,0.0289999999999999
1737,10/29/2016,,ppm,28,San Francisco,0.03
1738,10/30/2016,,ppm,37,San Francisco,0.04
1739,10/31/2016,,ppm,33,San Francisco,0.036
1740,11/01/2016,,ppm,34,San Francisco,0.037
1741,11/02/2016,,ppm,24,San Francisco,0.026
1742,11/03/2016,,ppm,19,San Francisco,0.021
1743,11/04/2016,,ppm,27,San Francisco,0.0289999999999999
1744,11/05/2016,,ppm,21,San Francisco,0.023
1745,11/06/2016,,ppm,20,San Francisco,0.022
1746,11/07/2016,,ppm,17,San Francisco,0.018
1747,11/08/2016,,ppm,26,San Francisco,0.0279999999999999
1748,11/09/2016,,ppm,20,San Francisco,0.022
1749,11/10/2016,,ppm,18,San Francisco,0.019
1750,11/11/2016,,ppm,26,San Francisco,0.0279999999999999
1751,11/12/2016,,ppm,27,San Francisco,0.0289999999999999
1752,11/13/2016,,ppm,25,San Francisco,0.027
1753,11/14/2016,,ppm,25,San Francisco,0.027
1754,11/15/2016,,ppm,32,San Francisco,0.035
1755,11/16/2016,,ppm,31,San Francisco,0.034
1756,11/17/2016,,ppm,20,San Francisco,0.022
1757,11/18/2016,,ppm,37,San Francisco,0.04
1758,11/19/2016,,ppm,31,San Francisco,0.034
1759,11/20/2016,,ppm,27,San Francisco,0.0289999999999999
1760,11/21/2016,,ppm,27,San Francisco,0.0289999999999999
1761,11/22/2016,,ppm,30,San Francisco,0.032
1762,11/23/2016,,ppm,29,San Francisco,0.031
1763,11/24/2016,,ppm,26,San Francisco,0.0279999999999999
1764,11/25/2016,,ppm,33,San Francisco,0.036
1765,11/26/2016,,ppm,36,San Francisco,0.039
1766,11/27/2016,,ppm,34,San Francisco,0.037
1767,11/28/2016,,ppm,28,San Francisco,0.03
1768,11/29/2016,,ppm,20,San Francisco,0.022
1769,11/30/2016,,ppm,14,San Francisco,0.015
1770,12/01/2016,,ppm,29,San Francisco,0.031
1771,12/02/2016,,ppm,25,San Francisco,0.027
1772,12/03/2016,,ppm,19,San Francisco,0.02
1773,12/04/2016,,ppm,23,San Francisco,0.025
1774,12/05/2016,,ppm,18,San Francisco,0.019
1775,12/07/2016,,ppm,21,San Francisco,0.023
1776,12/08/2016,,ppm,14,San Francisco,0.015
1777,12/09/2016,,ppm,24,San Francisco,0.026
1778,12/10/2016,,ppm,23,San Francisco,0.025
1779,12/11/2016,,ppm,20,San Francisco,0.022
1780,12/12/2016,,ppm,15,San Francisco,0.016
1781,12/13/2016,,ppm,6,San Francisco,0.006
1782,12/14/2016,,ppm,19,San Francisco,0.021
1783,12/15/2016,,ppm,34,San Francisco,0.037
1784,12/16/2016,,ppm,31,San Francisco,0.034
1785,12/17/2016,,ppm,25,San Francisco,0.027
1786,12/18/2016,,ppm,26,San Francisco,0.0279999999999999
1787,12/19/2016,,ppm,18,San Francisco,0.019
1788,12/20/2016,,ppm,13,San Francisco,0.0139999999999999
1789,12/21/2016,,ppm,17,San Francisco,0.018
1790,12/22/2016,,ppm,16,San Francisco,0.017
1791,12/23/2016,,ppm,32,San Francisco,0.035
1792,12/24/2016,,ppm,30,San Francisco,0.032
1793,12/25/2016,,ppm,25,San Francisco,0.027
1794,12/26/2016,,ppm,24,San Francisco,0.026
1795,12/27/2016,,ppm,15,San Francisco,0.016
1796,12/28/2016,,ppm,14,San Francisco,0.015
1797,12/29/2016,,ppm,14,San Francisco,0.015
1798,12/30/2016,,ppm,31,San Francisco,0.033
1799,01/01/2020,0.029,ppm,27,San Francisco,
1800,01/02/2020,0.015,ppm,14,San Francisco,
1801,01/03/2020,0.023,ppm,21,San Francisco,
1802,01/04/2020,0.03,ppm,28,San Francisco,
1803,01/05/2020,0.035,ppm,32,San Francisco,
1804,01/06/2020,0.02,ppm,19,San Francisco,
1805,01/07/2020,0.037,ppm,34,San Francisco,
1806,01/08/2020,0.036,ppm,33,San Francisco,
1807,01/09/2020,0.027,ppm,25,San Francisco,
1808,01/10/2020,0.037,ppm,34,San Francisco,
1809,01/11/2020,0.036,ppm,33,San Francisco,
1810,01/12/2020,0.037,ppm,34,San Francisco,
1811,01/13/2020,0.038,ppm,35,San Francisco,
1812,01/14/2020,0.035,ppm,32,San Francisco,
1813,01/15/2020,0.034,ppm,31,San Francisco,
1814,01/16/2020,0.036,ppm,33,San Francisco,
1815,01/17/2020,0.027,ppm,25,San Francisco,
1816,01/18/2020,0.026,ppm,24,San Francisco,
1817,01/19/2020,0.019,ppm,18,San Francisco,
1818,01/20/2020,0.029,ppm,27,San Francisco,
1819,01/21/2020,0.03,ppm,28,San Francisco,
1820,01/22/2020,0.027,ppm,25,San Francisco,
1821,01/23/2020,0.017,ppm,16,San Francisco,
1822,01/24/2020,0.027,ppm,25,San Francisco,
1823,01/25/2020,0.029,ppm,27,San Francisco,
1824,01/26/2020,0.039,ppm,36,San Francisco,
1825,01/27/2020,0.035,ppm,32,San Francisco,
1826,01/28/2020,0.034,ppm,31,San Francisco,
1827,01/29/2020,0.025,ppm,23,San Francisco,
1828,01/30/2020,0.021,ppm,19,San Francisco,
1829,01/31/2020,0.016,ppm,15,San Francisco,
1830,02/01/2020,0.028,ppm,26,San Francisco,
1831,02/02/2020,0.039,ppm,36,San Francisco,
1832,02/03/2020,0.035,ppm,32,San Francisco,
1833,02/04/2020,0.034,ppm,31,San Francisco,
1834,02/05/2020,0.025,ppm,23,San Francisco,
1835,02/06/2020,0.027,ppm,25,San Francisco,
1836,02/07/2020,0.031,ppm,29,San Francisco,
1837,02/08/2020,0.031,ppm,29,San Francisco,
1838,02/09/2020,0.036,ppm,33,San Francisco,
1839,02/10/2020,0.033,ppm,31,San Francisco,
1840,02/11/2020,0.034,ppm,31,San Francisco,
1841,02/12/2020,0.036,ppm,33,San Francisco,
1842,02/13/2020,0.037,ppm,34,San Francisco,
1843,02/14/2020,0.031,ppm,29,San Francisco,
1844,02/15/2020,0.035,ppm,32,San Francisco,
1845,02/16/2020,0.037,ppm,34,San Francisco,
1846,02/17/2020,0.03,ppm,28,San Francisco,
1847,02/18/2020,0.035,ppm,32,San Francisco,
1848,02/19/2020,0.027,ppm,25,San Francisco,
1849,02/20/2020,0.04,ppm,37,San Francisco,
1850,02/21/2020,0.038,ppm,35,San Francisco,
1851,02/22/2020,0.04,ppm,37,San Francisco,
1852,02/23/2020,0.035,ppm,32,San Francisco,
1853,02/24/2020,0.03,ppm,28,San Francisco,
1854,02/25/2020,0.032,ppm,30,San Francisco,
1855,02/26/2020,0.045,ppm,42,San Francisco,
1856,02/27/2020,0.036,ppm,33,San Francisco,
1857,02/28/2020,0.035,ppm,32,San Francisco,
1858,02/29/2020,0.043,ppm,40,San Francisco,
1859,03/01/2020,0.038,ppm,35,San Francisco,
1860,03/02/2020,0.037,ppm,34,San Francisco,
1861,03/03/2020,0.027,ppm,25,San Francisco,
1862,03/04/2020,0.037,ppm,34,San Francisco,
1863,03/05/2020,0.037,ppm,34,San Francisco,
1864,03/06/2020,0.036,ppm,33,San Francisco,
1865,03/07/2020,0.039,ppm,36,San Francisco,
1866,03/08/2020,0.039,ppm,36,San Francisco,
1867,03/09/2020,0.038,ppm,35,San Francisco,
1868,03/10/2020,0.035,ppm,32,San Francisco,
1869,03/11/2020,0.036,ppm,33,San Francisco,
1870,03/12/2020,0.034,ppm,31,San Francisco,
1871,03/13/2020,0.039,ppm,36,San Francisco,
1872,03/14/2020,0.042,ppm,39,San Francisco,
1873,03/15/2020,0.044,ppm,41,San Francisco,
1874,03/16/2020,0.041,ppm,38,San Francisco,
1875,03/17/2020,0.038,ppm,35,San Francisco,
1876,03/18/2020,0.039,ppm,36,San Francisco,
1877,03/19/2020,0.04,ppm,37,San Francisco,
1878,03/20/2020,0.039,ppm,36,San Francisco,
1879,03/21/2020,0.042,ppm,39,San Francisco,
1880,03/22/2020,0.038,ppm,35,San Francisco,
1881,03/23/2020,0.043,ppm,40,San Francisco,
1882,03/24/2020,0.041,ppm,38,San Francisco,
1883,03/25/2020,0.04,ppm,37,San Francisco,
1884,03/26/2020,0.036,ppm,33,San Francisco,
1885,03/27/2020,0.048,ppm,44,San Francisco,
1886,03/28/2020,0.044,ppm,41,San Francisco,
1887,03/29/2020,0.041,ppm,38,San Francisco,
1888,03/30/2020,0.033,ppm,31,San Francisco,
1889,03/31/2020,0.033,ppm,31,San Francisco,
1890,04/01/2020,0.036,ppm,33,San Francisco,
1891,04/02/2020,0.033,ppm,31,San Francisco,
1892,04/03/2020,0.034,ppm,31,San Francisco,
1893,04/04/2020,0.034,ppm,31,San Francisco,
1894,04/05/2020,0.039,ppm,36,San Francisco,
1895,04/06/2020,0.033,ppm,31,San Francisco,
1896,04/07/2020,0.039,ppm,36,San Francisco,
1897,04/08/2020,0.037,ppm,34,San Francisco,
1898,04/09/2020,0.037,ppm,34,San Francisco,
1899,04/10/2020,0.037,ppm,34,San Francisco,
1900,04/11/2020,0.039,ppm,36,San Francisco,
1901,04/12/2020,0.042,ppm,39,San Francisco,
1902,04/13/2020,0.042,ppm,39,San Francisco,
1903,04/14/2020,0.043,ppm,40,San Francisco,
1904,04/15/2020,0.036,ppm,33,San Francisco,
1905,04/16/2020,0.031,ppm,29,San Francisco,
1906,04/17/2020,0.041,ppm,38,San Francisco,
1907,04/18/2020,0.041,ppm,38,San Francisco,
1908,04/19/2020,0.041,ppm,38,San Francisco,
1909,04/20/2020,0.035,ppm,32,San Francisco,
1910,04/21/2020,0.034,ppm,31,San Francisco,
1911,04/22/2020,0.028,ppm,26,San Francisco,
1912,04/23/2020,0.031,ppm,29,San Francisco,
1913,04/24/2020,0.031,ppm,29,San Francisco,
1914,04/25/2020,0.025,ppm,23,San Francisco,
1915,04/26/2020,0.042,ppm,39,San Francisco,
1916,04/27/2020,0.028,ppm,26,San Francisco,
1917,04/28/2020,0.026,ppm,24,San Francisco,
1918,04/29/2020,0.024,ppm,22,San Francisco,
1919,04/30/2020,0.039,ppm,36,San Francisco,
1920,05/01/2020,0.038,ppm,35,San Francisco,
1921,05/02/2020,0.032,ppm,30,San Francisco,
1922,05/03/2020,0.039,ppm,36,San Francisco,
1923,05/04/2020,0.043,ppm,40,San Francisco,
1924,05/05/2020,0.038,ppm,35,San Francisco,
1925,05/06/2020,0.04,ppm,37,San Francisco,
1926,05/07/2020,0.035,ppm,32,San Francisco,
1927,05/08/2020,0.04,ppm,37,San Francisco,
1928,05/09/2020,0.043,ppm,40,San Francisco,
1929,05/10/2020,0.045,ppm,42,San Francisco,
1930,05/11/2020,0.036,ppm,33,San Francisco,
1931,05/12/2020,0.042,ppm,39,San Francisco,
1932,05/13/2020,0.03,ppm,28,San Francisco,
1933,05/14/2020,0.03,ppm,28,San Francisco,
1934,05/15/2020,0.037,ppm,34,San Francisco,
1935,05/16/2020,0.022,ppm,20,San Francisco,
1936,05/17/2020,0.039,ppm,36,San Francisco,
1937,05/18/2020,0.038,ppm,35,San Francisco,
1938,05/19/2020,0.036,ppm,33,San Francisco,
1939,05/20/2020,0.03,ppm,28,San Francisco,
1940,05/21/2020,0.037,ppm,34,San Francisco,
1941,05/22/2020,0.034,ppm,31,San Francisco,
1942,05/23/2020,0.032,ppm,30,San Francisco,
1943,05/24/2020,0.034,ppm,31,San Francisco,
1944,05/25/2020,0.037,ppm,34,San Francisco,
1945,05/26/2020,0.029,ppm,27,San Francisco,
1946,05/27/2020,0.03,ppm,28,San Francisco,
1947,05/28/2020,0.032,ppm,30,San Francisco,
1948,05/29/2020,0.031,ppm,29,San Francisco,
1949,05/30/2020,0.032,ppm,30,San Francisco,
1950,05/31/2020,0.03,ppm,28,San Francisco,
1951,06/01/2020,0.031,ppm,29,San Francisco,
1952,06/02/2020,0.034,ppm,31,San Francisco,
1953,06/03/2020,0.029,ppm,27,San Francisco,
1954,06/04/2020,0.035,ppm,32,San Francisco,
1955,06/05/2020,0.034,ppm,31,San Francisco,
1956,06/06/2020,0.033,ppm,31,San Francisco,
1957,06/07/2020,0.032,ppm,30,San Francisco,
1958,06/08/2020,0.029,ppm,27,San Francisco,
1959,06/09/2020,0.029,ppm,27,San Francisco,
1960,06/10/2020,0.018,ppm,17,San Francisco,
1961,06/11/2020,0.024,ppm,22,San Francisco,
1962,06/12/2020,0.029,ppm,27,San Francisco,
1963,06/13/2020,0.028,ppm,26,San Francisco,
1964,06/14/2020,0.024,ppm,22,San Francisco,
1965,06/15/2020,0.031,ppm,29,San Francisco,
1966,06/16/2020,0.03,ppm,28,San Francisco,
1967,06/17/2020,0.03,ppm,28,San Francisco,
1968,06/18/2020,0.035,ppm,32,San Francisco,
1969,06/19/2020,0.03,ppm,28,San Francisco,
1970,06/20/2020,0.024,ppm,22,San Francisco,
1971,06/21/2020,0.025,ppm,23,San Francisco,
1972,06/22/2020,0.03,ppm,28,San Francisco,
1973,06/23/2020,0.029,ppm,27,San Francisco,
1974,06/24/2020,0.023,ppm,21,San Francisco,
1975,06/25/2020,0.022,ppm,20,San Francisco,
1976,06/26/2020,0.025,ppm,23,San Francisco,
1977,06/27/2020,0.03,ppm,28,San Francisco,
1978,06/28/2020,0.028,ppm,26,San Francisco,
1979,06/29/2020,0.027,ppm,25,San Francisco,
1980,06/30/2020,0.027,ppm,25,San Francisco,
1981,07/01/2020,0.028,ppm,26,San Francisco,
1982,07/02/2020,0.031,ppm,29,San Francisco,
1983,07/03/2020,0.039,ppm,36,San Francisco,
1984,07/04/2020,0.035,ppm,32,San Francisco,
1985,07/05/2020,0.036,ppm,33,San Francisco,
1986,07/06/2020,0.033,ppm,31,San Francisco,
1987,07/07/2020,0.031,ppm,29,San Francisco,
1988,07/08/2020,0.023,ppm,21,San Francisco,
1989,07/09/2020,0.023,ppm,21,San Francisco,
1990,07/10/2020,0.021,ppm,19,San Francisco,
1991,07/11/2020,0.028,ppm,26,San Francisco,
1992,07/12/2020,0.029,ppm,27,San Francisco,
1993,07/13/2020,0.031,ppm,29,San Francisco,
1994,07/14/2020,0.031,ppm,29,San Francisco,
1995,07/15/2020,0.031,ppm,29,San Francisco,
1996,07/16/2020,0.031,ppm,29,San Francisco,
1997,07/17/2020,0.03,ppm,28,San Francisco,
1998,07/18/2020,0.03,ppm,28,San Francisco,
1999,07/19/2020,0.028,ppm,26,San Francisco,
2000,07/20/2020,0.027,ppm,25,San Francisco,
2001,07/21/2020,0.031,ppm,29,San Francisco,
2002,07/22/2020,0.026,ppm,24,San Francisco,
2003,07/23/2020,0.039,ppm,36,San Francisco,
2004,07/24/2020,0.039,ppm,36,San Francisco,
2005,07/25/2020,0.039,ppm,36,San Francisco,
2006,07/26/2020,0.043,ppm,40,San Francisco,
2007,07/27/2020,0.029,ppm,27,San Francisco,
2008,07/28/2020,0.027,ppm,25,San Francisco,
2009,07/29/2020,0.029,ppm,27,San Francisco,
2010,07/30/2020,0.025,ppm,23,San Francisco,
2011,07/31/2020,0.019,ppm,18,San Francisco,
2012,08/01/2020,0.016,ppm,15,San Francisco,
2013,08/02/2020,0.019,ppm,18,San Francisco,
2014,08/03/2020,0.019,ppm,18,San Francisco,
2015,08/04/2020,0.025,ppm,23,San Francisco,
2016,08/05/2020,0.027,ppm,25,San Francisco,
2017,08/06/2020,0.026,ppm,24,San Francisco,
2018,08/07/2020,0.026,ppm,24,San Francisco,
2019,08/08/2020,0.024,ppm,22,San Francisco,
2020,08/09/2020,0.025,ppm,23,San Francisco,
2021,08/10/2020,0.027,ppm,25,San Francisco,
2022,08/11/2020,0.027,ppm,25,San Francisco,
2023,08/12/2020,0.025,ppm,23,San Francisco,
2024,08/13/2020,0.033,ppm,31,San Francisco,
2025,08/14/2020,0.036,ppm,33,San Francisco,
2026,08/15/2020,0.032,ppm,30,San Francisco,
2027,08/16/2020,0.031,ppm,29,San Francisco,
2028,08/17/2020,0.019,ppm,18,San Francisco,
2029,08/18/2020,0.02,ppm,19,San Francisco,
2030,08/19/2020,0.026,ppm,24,San Francisco,
2031,08/20/2020,0.015,ppm,14,San Francisco,
2032,08/21/2020,0.022,ppm,20,San Francisco,
2033,08/22/2020,0.025,ppm,23,San Francisco,
2034,08/23/2020,0.029,ppm,27,San Francisco,
2035,08/24/2020,0.027,ppm,25,San Francisco,
2036,08/25/2020,0.029,ppm,27,San Francisco,
2037,08/26/2020,0.027,ppm,25,San Francisco,
2038,08/27/2020,0.025,ppm,23,San Francisco,
2039,08/28/2020,0.026,ppm,24,San Francisco,
2040,08/29/2020,0.025,ppm,23,San Francisco,
2041,08/30/2020,0.026,ppm,24,San Francisco,
2042,08/31/2020,0.033,ppm,31,San Francisco,
2043,09/01/2020,0.036,ppm,33,San Francisco,
2044,09/02/2020,0.033,ppm,31,San Francisco,
2045,09/03/2020,0.032,ppm,30,San Francisco,
2046,09/04/2020,0.035,ppm,32,San Francisco,
2047,09/05/2020,0.044,ppm,41,San Francisco,
2048,09/06/2020,0.055,ppm,51,San Francisco,
2049,09/07/2020,0.035,ppm,32,San Francisco,
2050,09/08/2020,0.024,ppm,22,San Francisco,
2051,09/09/2020,0.033,ppm,31,San Francisco,
2052,09/10/2020,0.035,ppm,32,San Francisco,
2053,09/11/2020,0.04,ppm,37,San Francisco,
2054,09/12/2020,0.041,ppm,38,San Francisco,
2055,09/13/2020,0.047,ppm,44,San Francisco,
2056,09/14/2020,0.045,ppm,42,San Francisco,
2057,09/15/2020,0.019,ppm,18,San Francisco,
2058,09/16/2020,0.011,ppm,10,San Francisco,
2059,09/17/2020,0.022,ppm,20,San Francisco,
2060,09/18/2020,0.03,ppm,28,San Francisco,
2061,09/19/2020,0.027,ppm,25,San Francisco,
2062,09/20/2020,0.033,ppm,31,San Francisco,
2063,09/21/2020,0.028,ppm,26,San Francisco,
2064,09/22/2020,0.027,ppm,25,San Francisco,
2065,09/23/2020,0.023,ppm,21,San Francisco,
2066,09/24/2020,0.032,ppm,30,San Francisco,
2067,09/25/2020,0.029,ppm,27,San Francisco,
2068,09/26/2020,0.025,ppm,23,San Francisco,
2069,09/27/2020,0.044,ppm,41,San Francisco,
2070,09/28/2020,0.044,ppm,41,San Francisco,
2071,09/29/2020,0.041,ppm,38,San Francisco,
2072,09/30/2020,0.035,ppm,32,San Francisco,
2073,10/01/2020,0.035,ppm,32,San Francisco,
2074,10/02/2020,0.036,ppm,33,San Francisco,
2075,10/03/2020,0.032,ppm,30,San Francisco,
2076,10/04/2020,0.029,ppm,27,San Francisco,
2077,10/05/2020,0.027,ppm,25,San Francisco,
2078,10/06/2020,0.035,ppm,32,San Francisco,
2079,10/07/2020,0.037,ppm,34,San Francisco,
2080,10/08/2020,0.038,ppm,35,San Francisco,
2081,10/09/2020,0.022,ppm,20,San Francisco,
2082,10/10/2020,0.023,ppm,21,San Francisco,
2083,10/11/2020,0.03,ppm,28,San Francisco,
2084,10/12/2020,0.035,ppm,32,San Francisco,
2085,10/13/2020,0.028,ppm,26,San Francisco,
2086,10/14/2020,0.026,ppm,24,San Francisco,
2087,10/15/2020,0.04,ppm,37,San Francisco,
2088,10/16/2020,0.034,ppm,31,San Francisco,
2089,10/17/2020,0.046,ppm,43,San Francisco,
2090,10/18/2020,0.039,ppm,36,San Francisco,
2091,10/19/2020,0.023,ppm,21,San Francisco,
2092,10/20/2020,0.029,ppm,27,San Francisco,
2093,10/21/2020,0.023,ppm,21,San Francisco,
2094,10/22/2020,0.031,ppm,29,San Francisco,
2095,10/23/2020,0.038,ppm,35,San Francisco,
2096,10/24/2020,0.039,ppm,36,San Francisco,
2097,10/25/2020,0.038,ppm,35,San Francisco,
2098,10/26/2020,0.044,ppm,41,San Francisco,
2099,10/27/2020,0.036,ppm,33,San Francisco,
2100,10/28/2020,0.045,ppm,42,San Francisco,
2101,10/29/2020,0.053,ppm,49,San Francisco,
2102,10/30/2020,0.035,ppm,32,San Francisco,
2103,10/31/2020,0.043,ppm,40,San Francisco,
2104,11/01/2020,0.048,ppm,44,San Francisco,
2105,11/02/2020,0.036,ppm,33,San Francisco,
2106,11/03/2020,0.031,ppm,29,San Francisco,
2107,11/04/2020,0.02,ppm,19,San Francisco,
2108,11/05/2020,0.035,ppm,32,San Francisco,
2109,11/06/2020,0.04,ppm,37,San Francisco,
2110,11/07/2020,0.036,ppm,33,San Francisco,
2111,11/08/2020,0.035,ppm,32,San Francisco,
2112,11/09/2020,0.026,ppm,24,San Francisco,
2113,11/10/2020,0.033,ppm,31,San Francisco,
2114,11/11/2020,0.028,ppm,26,San Francisco,
2115,11/12/2020,0.033,ppm,31,San Francisco,
2116,11/13/2020,0.034,ppm,31,San Francisco,
2117,11/14/2020,0.029,ppm,27,San Francisco,
2118,11/15/2020,0.026,ppm,24,San Francisco,
2119,11/16/2020,0.025,ppm,23,San Francisco,
2120,11/17/2020,0.033,ppm,31,San Francisco,
2121,11/18/2020,0.034,ppm,31,San Francisco,
2122,11/19/2020,0.024,ppm,22,San Francisco,
2123,11/20/2020,0.022,ppm,20,San Francisco,
2124,11/21/2020,0.024,ppm,22,San Francisco,
2125,11/22/2020,0.026,ppm,24,San Francisco,
2126,11/23/2020,0.025,ppm,23,San Francisco,
2127,11/24/2020,0.031,ppm,29,San Francisco,
2128,11/25/2020,0.026,ppm,24,San Francisco,
2129,11/26/2020,0.029,ppm,27,San Francisco,
2130,11/27/2020,0.023,ppm,21,San Francisco,
2131,11/28/2020,0.03,ppm,28,San Francisco,
2132,11/29/2020,0.025,ppm,23,San Francisco,
2133,11/30/2020,0.018,ppm,17,San Francisco,
2134,12/01/2020,0.022,ppm,20,San Francisco,
2135,12/02/2020,0.024,ppm,22,San Francisco,
2136,12/03/2020,0.03,ppm,28,San Francisco,
2137,12/04/2020,0.021,ppm,19,San Francisco,
2138,12/05/2020,0.026,ppm,24,San Francisco,
2139,12/06/2020,0.031,ppm,29,San Francisco,
2140,12/07/2020,0.031,ppm,29,San Francisco,
2141,12/09/2020,0.033,ppm,31,San Francisco,
2142,12/10/2020,0.033,ppm,31,San Francisco,
2143,12/11/2020,0.032,ppm,30,San Francisco,
2144,12/12/2020,0.022,ppm,20,San Francisco,
2145,12/13/2020,0.035,ppm,32,San Francisco,
2146,12/14/2020,0.02,ppm,19,San Francisco,
2147,12/15/2020,0.01,ppm,9,San Francisco,
2148,12/16/2020,0.032,ppm,30,San Francisco,
2149,12/17/2020,0.033,ppm,31,San Francisco,
2150,12/18/2020,0.018,ppm,17,San Francisco,
2151,12/19/2020,0.024,ppm,22,San Francisco,
2152,12/20/2020,0.024,ppm,22,San Francisco,
2153,12/21/2020,0.022,ppm,20,San Francisco,
2154,12/22/2020,0.024,ppm,22,San Francisco,
2155,12/23/2020,0.028,ppm,26,San Francisco,
2156,12/24/2020,0.018,ppm,17,San Francisco,
2157,12/25/2020,0.039,ppm,36,San Francisco,
2158,12/26/2020,0.036,ppm,33,San Francisco,
2159,12/27/2020,0.025,ppm,23,San Francisco,
2160,12/28/2020,0.03,ppm,28,San Francisco,
2161,12/29/2020,0.02,ppm,19,San Francisco,
2162,12/30/2020,0.035,ppm,32,San Francisco,
2163,12/31/2020,0.035,ppm,32,San Francisco,
